date,id,geometry,dis,ac_dis,lon,lat,time
2/22/1959 9:00,0,POINT Z (14.14222 66.31375 0),0,0,14.14222,66.31375,00:00.0
2/22/1959 10:00,274,POINT Z (13.80882 66.17607 0),0.365432342,26.48399232,13.80882,66.17607,00:03.9
2/22/1959 11:00,454,POINT Z (13.55049 66.0526 0),0.096933112,52.93401758,13.55049,66.0526,00:03.3
2/22/1959 12:00,600,POINT Z (13.24205 65.88588 0),0.434073678,79.46611115,13.24205,65.88588,00:13.8
2/22/1959 13:00,923,POINT Z (13.25929 65.69159 0),0.077134368,105.8943627,13.25929,65.69159,00:10.1
2/22/1959 14:00,1195,POINT Z (13.41216 65.49309 0),0.149303251,132.3803582,13.41216,65.49309,00:14.3
2/22/1959 15:00,1362,POINT Z (13.34201 65.27408 0),0.15096207,158.7531005,13.34201,65.27408,00:03.1
2/22/1959 16:00,1616,POINT Z (13.30368 65.06511 0),0.220168238,185.2778047,13.30368,65.06511,00:12.6
2/22/1959 17:00,1811,POINT Z (13.06797 64.88184 0),0.143583078,211.6580414,13.06797,64.88184,00:02.5
2/22/1959 18:00,1979,POINT Z (12.76165 64.69512 0),0.658292601,238.4825282,12.76165,64.69512,00:52.7
2/22/1959 19:00,2165,POINT Z (12.42873 64.53726 0),0.247012841,264.6252283,12.42873,64.53726,00:10.2
2/22/1959 20:00,2387,POINT Z (12.33789 64.3366 0),0.227227498,291.041355,12.33789,64.3366,00:04.9
2/22/1959 21:00,2540,POINT Z (11.97428 64.19716 0),0.720434395,317.6117763,11.97428,64.19716,00:20.7
2/22/1959 22:00,2681,POINT Z (11.53494 64.09958 0),0.092961453,343.9243853,11.53494,64.09958,00:01.3
2/22/1959 23:00,2943,POINT Z (11.43749 63.89713 0),0.965441693,370.404799,11.43749,63.89713,00:04.7
2/23/1959 0:00,3133,POINT Z (11.29471 63.73198 0),0.932208895,396.9468082,11.29471,63.73198,00:16.6
2/23/1959 1:00,3308,POINT Z (10.98088 63.57333999999999 0),0.693131293,423.8384521,10.98088,63.57334,01:16.0
2/23/1959 2:00,3483,POINT Z (10.82148 63.41335000000001 0),0.09218444,449.7519507,10.82148,63.41335,00:02.3
2/23/1959 3:00,3610,POINT Z (10.38223 63.39047 0),0.745062224,476.215607,10.38223,63.39047,00:03.5
2/23/1959 4:00,3798,POINT Z (10.31376 63.18515 0),1.416086977,503.0373651,10.31376,63.18515,00:53.4
2/23/1959 5:00,3970,POINT Z (10.24675 62.99306 0),0.073146658,529.1544383,10.24675,62.99306,00:07.4
2/23/1959 6:00,4163,POINT Z (10.02203 62.81645 0),0.084411565,555.5573001,10.02203,62.81645,00:00.3
2/23/1959 7:00,4416,POINT Z (10.18963 62.64982 0),0.065737991,582.0317427,10.18963,62.64982,00:03.0
2/23/1959 8:00,4574,POINT Z (10.39911 62.44654 0),0.374222998,608.7223205,10.39911,62.44654,00:35.0
2/23/1959 9:00,4745,POINT Z (10.7338 62.31226 0),0.432566488,635.2428418,10.7338,62.31226,00:43.9
2/23/1959 10:00,4906,POINT Z (10.63167 62.10673000000001 0),0.375992306,661.5742796,10.63167,62.10673,00:27.1
2/23/1959 11:00,5020,POINT Z (10.89492 61.93159 0),0.522331734,688.2574043,10.89492,61.93159,00:58.2
2/23/1959 12:00,5129,POINT Z (10.83868 61.71524 0),1.191483346,715.0793594,10.83868,61.71524,01:48.1
2/23/1959 13:00,5282,POINT Z (11.02534 61.54389 0),0.070579948,740.7740563,11.02534,61.54389,00:04.6
2/23/1959 14:00,5481,POINT Z (11.21376 61.35953000000001 0),0.119841444,767.2374118,11.21376,61.35953,00:05.8
2/23/1959 15:00,5625,POINT Z (11.37108 61.14272 0),0.696631141,794.0945995,11.37108,61.14272,01:00.5
2/23/1959 16:00,5745,POINT Z (11.50729 60.92694999999999 0),1.206961627,821.2343663,11.50729,60.92695,02:33.7
2/23/1959 17:00,5839,POINT Z (11.30961 60.77058 0),0.107449457,846.5965965,11.30961,60.77058,00:05.0
2/23/1959 18:00,5960,POINT Z (11.24704 60.54888 0),0.124213597,873.1345277,11.24704,60.54888,00:16.3
2/23/1959 19:00,6086,POINT Z (11.17486 60.32313 0),0.808468844,899.7864669,11.17486,60.32313,00:43.1
2/23/1959 20:00,6215,POINT Z (11.14956 60.11157000000001 0),1.010090049,926.5984163,11.14956,60.11157,01:31.6
2/23/1959 21:00,6334,POINT Z (10.91033 59.93945 0),0.435837133,952.7132592,10.91033,59.93945,00:45.4
2/23/1959 22:00,6666,POINT Z (10.76142 59.78619 0),1.319315884,979.5741357,10.76142,59.78619,01:40.6
2/23/1959 23:00,6772,POINT Z (10.72185 59.56857 0),0.190929949,1005.359227,10.72185,59.56857,00:09.4
2/24/1959 0:00,6869,POINT Z (10.82246 59.36502 0),1.258653876,1032.221078,10.82246,59.36502,01:04.8
2/24/1959 1:00,6972,POINT Z (11.15154 59.2281 0),0.58789667,1058.733846,11.15154,59.2281,01:12.6
2/24/1959 2:00,7108,POINT Z (11.23859 59.02131 0),0.142960598,1084.773986,11.23859,59.02131,00:16.2
2/24/1959 3:00,7261,POINT Z (11.27791 58.79393 0),0.136212198,1111.168814,11.27791,58.79393,00:08.0
2/24/1959 4:00,7398,POINT Z (11.4562 58.59617 0),0.06128829,1137.5886,11.4562,58.59617,00:03.2
2/24/1959 5:00,7503,POINT Z (11.71928 58.42611000000001 0),0.471738832,1164.309037,11.71928,58.42611,00:39.3
2/24/1959 6:00,7595,POINT Z (11.91726 58.22023 0),0.225028319,1190.651093,11.91726,58.22023,00:24.0
2/24/1959 7:00,7703,POINT Z (11.84277 57.99693 0),0.349604411,1217.115711,11.84277,57.99693,00:25.3
2/24/1959 8:00,7790,POINT Z (12.002 57.79137 0),0.246167346,1243.577048,12.002,57.79137,00:26.1
2/24/1959 9:00,7908,POINT Z (12.05384 57.56524 0),0.572406484,1270.088528,12.05384,57.56524,00:33.8
2/24/1959 10:00,7989,POINT Z (12.2045 57.36706 0),0.798153099,1296.349632,12.2045,57.36706,00:07.4
2/24/1959 11:00,8048,POINT Z (12.30698 57.13686000000001 0),0.789792525,1323.302322,12.30698,57.13686,01:15.2
2/24/1959 12:00,8094,POINT Z (12.52785 56.92721 0),2.137649748,1350.963524,12.52785,56.92721,03:59.3
2/24/1959 13:00,8156,POINT Z (12.80652 56.77676 0),0.276522821,1375.707996,12.80652,56.77676,00:06.5
2/24/1959 14:00,8244,POINT Z (12.95249 56.56426 0),0.144391502,1402.182145,12.95249,56.56426,00:09.1
2/24/1959 15:00,8322,POINT Z (12.91463 56.33651 0),0.147312036,1428.693893,12.91463,56.33651,00:16.9
2/24/1959 16:00,8372,POINT Z (12.81336 56.11518 0),0.218810643,1455.041256,12.81336,56.11518,00:02.2
2/24/1959 17:00,8501,POINT Z (12.80456 55.95426 0),0.435680529,1481.630026,12.80456,55.95426,00:20.4
2/24/1959 18:00,8572,POINT Z (13.02599 55.74602 0),1.64033587,1509.469837,13.02599,55.74602,03:28.9
2/24/1959 19:00,8627,POINT Z (13.06911 55.55458999999999 0),0.401212721,1534.409938,13.06911,55.55459,00:02.7
2/24/1959 20:00,8668,POINT Z (12.67701 55.63139 0),4.82024948,1562.101768,12.67701,55.63139,02:51.0
2/24/1959 21:00,8832,POINT Z (12.47436 55.61647 0),2.217858083,1587.832227,12.47436,55.61647,01:12.4
2/24/1959 22:00,8912,POINT Z (12.17809 55.50879 0),0.193669161,1613.794163,12.17809,55.50879,00:05.3
2/24/1959 23:00,9013,POINT Z (12.02639 55.30057 0),0.411805497,1640.416522,12.02639,55.30057,00:28.1
2/25/1959 0:00,9096,POINT Z (11.95726 55.07759999999999 0),0.321521722,1666.844671,11.95726,55.0776,00:24.5
2/25/1959 1:00,9163,POINT Z (11.85441 54.86287 0),2.764297077,1695.379652,11.85441,54.86287,05:07.5
2/25/1959 2:00,9215,POINT Z (11.52171 54.78889 0),0.432297767,1719.860081,11.52171,54.78889,00:38.8
2/25/1959 3:00,9256,POINT Z (11.27782 54.56752 0),10.18996314,1750.239281,11.27782,54.56752,09:32.8
2/25/1959 4:00,9291,POINT Z (11.10749 54.39407 0),1.2857251,1772.937535,11.10749,54.39407,01:01.6
2/25/1959 5:00,9375,POINT Z (10.88861 54.24647 0),0.365646244,1799.126318,10.88861,54.24647,00:25.4
2/25/1959 6:00,9447,POINT Z (10.73108 54.04905 0),0.283327607,1825.511434,10.73108,54.04905,00:15.8
2/25/1959 7:00,9537,POINT Z (10.56794 53.83837 0),3.582569528,1854.648109,10.56794,53.83837,06:20.8
2/25/1959 8:00,9572,POINT Z (10.32333 53.69504 0),1.894708187,1878.602715,10.32333,53.69504,00:40.5
2/25/1959 9:00,9623,POINT Z (10.05781 53.5608 0),0.748990428,1904.900441,10.05781,53.5608,00:19.1
2/25/1959 10:00,9742,POINT Z (10.02015 53.38589 0),1.436794164,1931.447317,10.02015,53.38589,00:31.6
2/25/1959 11:00,9816,POINT Z (10.06792 53.16437 0),0.555303574,1957.775288,10.06792,53.16437,00:14.3
2/25/1959 12:00,9872,POINT Z (9.88553 52.95447 0),3.401581997,1985.658862,9.88553,52.95447,03:28.7
2/25/1959 13:00,9905,POINT Z (9.67006 52.78164 0),4.265682958,2011.067156,9.67006,52.78164,01:06.3
2/25/1959 14:00,9947,POINT Z (9.78647 52.56475999999999 0),0.423909907,2037.108172,9.78647,52.56476,00:10.0
2/25/1959 15:00,10027,POINT Z (9.55815 52.42169000000001 0),1.69495139,2064.420357,9.55815,52.42169,02:06.6
2/25/1959 16:00,10069,POINT Z (9.3085 52.25787 0),0.265359848,2090.09021,9.3085,52.25787,00:19.8
2/25/1959 17:00,10141,POINT Z (8.95101 52.21422 0),0.47206078,2116.51155,8.95101,52.21422,00:15.2
2/25/1959 18:00,10220,POINT Z (8.67522 52.07815 0),1.253157215,2144.064526,8.67522,52.07815,02:44.6
2/25/1959 19:00,10285,POINT Z (8.46827 51.89878999999999 0),1.314313187,2170.280852,8.46827,51.89879,02:12.1
2/25/1959 20:00,10320,POINT Z (8.13087 51.80689 0),0.307474318,2196.018137,8.13087,51.80689,00:34.4
2/25/1959 21:00,10366,POINT Z (7.89153 51.63755 0),1.596982152,2222.919999,7.89153,51.63755,01:35.3
2/25/1959 22:00,10424,POINT Z (7.65106 51.50780000000001 0),0.885308406,2249.05813,7.65106,51.5078,00:52.1
2/25/1959 23:00,10497,POINT Z (7.37533 51.35878 0),0.572032495,2275.599962,7.37533,51.35878,01:04.0
2/26/1959 0:00,10615,POINT Z (7.23816 51.17436 0),0.698678796,2302.278194,7.23816,51.17436,01:34.3
2/26/1959 1:00,10707,POINT Z (7.01409 51.01179999999999 0),2.298852877,2329.538195,7.01409,51.0118,03:23.9
2/26/1959 2:00,10865,POINT Z (7.012319999999999 50.99190999999999 0),0.171262011,2354.510379,7.01232,50.99191,00:02.1
2/26/1959 3:00,10912,POINT Z (6.91253 51.23075 0),2.480415579,2382.607013,6.91253,51.23075,03:45.5
2/26/1959 4:00,10985,POINT Z (6.8066 51.42981 0),0.906293377,2407.817384,6.8066,51.42981,00:56.1
2/26/1959 5:00,11105,POINT Z (6.7498 51.63129 0),0.247476056,2434.066794,6.7498,51.63129,00:28.1
2/26/1959 6:00,11165,POINT Z (6.49444 51.79468 0),0.770217426,2460.719688,6.49444,51.79468,00:55.1
2/26/1959 7:00,11211,POINT Z (6.16081 51.90335 0),2.351321882,2487.710373,6.16081,51.90335,02:08.0
2/26/1959 8:00,11252,POINT Z (5.85803 52.02852 0),0.568759919,2513.564198,5.85803,52.02852,00:46.2
2/26/1959 9:00,11293,POINT Z (5.48717 52.04847 0),2.097804334,2540.22266,5.48717,52.04847,01:13.8
2/26/1959 10:00,11328,POINT Z (5.10821 52.0596 0),1.272202649,2566.972002,5.10821,52.0596,01:53.9
2/26/1959 11:00,11357,POINT Z (4.74448 52.06639000000001 0),0.208487642,2592.625069,4.74448,52.06639,00:04.8
2/26/1959 12:00,11392,POINT Z (4.39231 52.05615 0),0.76210308,2619.367833,4.39231,52.05615,00:43.9
2/26/1959 13:00,11502,POINT Z (4.41513 51.95149 0),0.067915473,2645.508443,4.41513,51.95149,00:01.1
2/26/1959 14:00,11592,POINT Z (4.63306 51.81477000000001 0),0.168248591,2672.122282,4.63306,51.81477,00:22.8
2/26/1959 15:00,11650,POINT Z (4.7233 51.59723 0),0.153127349,2698.515518,4.7233,51.59723,00:14.4
2/26/1959 16:00,11696,POINT Z (4.63847 51.36109999999999 0),3.162113824,2726.907383,4.63847,51.3611,04:37.9
2/26/1959 17:00,11757,POINT Z (4.45074 51.22047 0),0.140354043,2751.326273,4.45074,51.22047,00:00.9
2/26/1959 18:00,11852,POINT Z (4.46117 51.00031 0),0.726669561,2778.247223,4.46117,51.00031,01:04.3
2/26/1959 19:00,11938,POINT Z (4.35834 50.84693 0),0.053845113,2804.237599,4.35834,50.84693,00:01.0
2/26/1959 20:00,12084,POINT Z (4.30772 50.64149 0),1.771195283,2832.262164,4.30772,50.64149,03:34.6
2/26/1959 21:00,12143,POINT Z (4.09836 50.48988 0),2.027334356,2857.771022,4.09836,50.48988,01:25.9
2/26/1959 22:00,12188,POINT Z (3.73068 50.45092 0),4.871363497,2886.145089,3.73068,50.45092,05:47.0
2/26/1959 23:00,12280,POINT Z (3.51616 50.33732 0),0.438408462,2910.054652,3.51616,50.33732,00:00.6
2/27/1959 0:00,12328,POINT Z (3.22413 50.2055 0),1.176095821,2937.069415,3.22413,50.2055,01:16.8
2/27/1959 1:00,12368,POINT Z (2.94765 50.05555 0),0.532027322,2963.470754,2.94765,50.05555,01:09.5
2/27/1959 2:00,12420,POINT Z (2.8299 49.83798 0),1.797129278,2990.435956,2.8299,49.83798,02:18.9
2/27/1959 3:00,12450,POINT Z (2.75527 49.61153 0),1.764054799,3016.42341,2.75527,49.61153,01:15.3
2/27/1959 4:00,12477,POINT Z (2.70244 49.38281000000001 0),2.46047129,3042.484486,2.70244,49.38281,00:21.7
2/27/1959 5:00,12552,POINT Z (2.59955 49.17139 0),0.20663462,3068.933931,2.59955,49.17139,00:20.9
2/27/1959 6:00,12603,POINT Z (2.46657 48.95993 0),0.536923777,3095.466077,2.46657,48.95993,00:31.4
2/27/1959 7:00,12764,POINT Z (2.35467 48.81359 0),0.32735352,3121.702351,2.35467,48.81359,00:01.7
2/27/1959 8:00,12860,POINT Z (2.42777 48.6177 0),0.183210206,3148.196146,2.42777,48.6177,00:07.0
2/27/1959 9:00,12922,POINT Z (2.55516 48.40204 0),0.133071519,3174.683561,2.55516,48.40204,00:11.4
2/27/1959 10:00,12986,POINT Z (2.76866 48.22065 0),0.512817525,3201.500878,2.76866,48.22065,01:00.7
2/27/1959 11:00,13039,POINT Z (3.0509 48.0817 0),0.541648262,3228.038746,3.0509,48.0817,01:12.0
2/27/1959 12:00,13093,POINT Z (3.28909 47.91601 0),0.438012307,3254.130195,3.28909,47.91601,00:22.5
2/27/1959 13:00,13168,POINT Z (3.61933 47.83559 0),1.352091032,3281.602215,3.61933,47.83559,02:40.9
2/27/1959 14:00,13247,POINT Z (3.84482 47.68901 0),0.507092733,3307.277074,3.84482,47.68901,00:54.7
2/27/1959 15:00,13338,POINT Z (4.02167 47.50398 0),0.330711337,3333.38343,4.02167,47.50398,00:07.3
2/27/1959 16:00,13375,POINT Z (4.33455 47.41549 0),0.402738168,3359.954986,4.33455,47.41549,00:23.1
2/27/1959 17:00,13421,POINT Z (4.56206 47.25064 0),2.028881633,3386.412578,4.56206,47.25064,00:23.5
2/27/1959 18:00,13536,POINT Z (4.76215 47.08368999999999 0),0.138170376,3412.830182,4.76215,47.08369,00:18.4
2/27/1959 19:00,13615,POINT Z (4.82213 46.90140000000001 0),1.14674427,3439.537186,4.82213,46.9014,00:52.7
2/27/1959 20:00,13655,POINT Z (4.84894 46.67003 0),0.319416365,3465.797602,4.84894,46.67003,00:26.2
2/27/1959 21:00,13733,POINT Z (4.87315 46.45312000000001 0),0.553329466,3492.539676,4.87315,46.45312,01:05.3
2/27/1959 22:00,13809,POINT Z (4.7894 46.22156 0),2.331859424,3520.108655,4.7894,46.22156,03:36.9
2/27/1959 23:00,13855,POINT Z (4.73483 46.00043 0),0.767148671,3545.672854,4.73483,46.00043,01:35.6
2/28/1959 0:00,13933,POINT Z (4.78168 45.78185 0),0.309802271,3571.723988,4.78168,45.78185,00:40.7
2/28/1959 1:00,14029,POINT Z (4.80215 45.58052 0),0.610181047,3598.103507,4.80215,45.58052,00:30.4
2/28/1959 2:00,14150,POINT Z (4.80443 45.37627000000001 0),0.106719448,3624.405708,4.80443,45.37627,00:09.6
2/28/1959 3:00,14266,POINT Z (4.88805 45.14987 0),2.048614087,3651.676422,4.88805,45.14987,02:00.6
2/28/1959 4:00,14374,POINT Z (4.87944 44.92565 0),0.861704085,3677.934076,4.87944,44.92565,01:33.8
2/28/1959 5:00,14439,POINT Z (4.78507 44.71261 0),0.412406858,3704.003068,4.78507,44.71261,00:41.2
2/28/1959 6:00,14500,POINT Z (4.76667 44.47793 0),1.929745188,3731.560876,4.76667,44.47793,03:11.3
2/28/1959 7:00,14556,POINT Z (4.70992 44.24915 0),3.157923166,3758.570578,4.70992,44.24915,04:26.8
2/28/1959 8:00,14617,POINT Z (4.87933 44.08209 0),0.564563813,3783.413166,4.87933,44.08209,00:47.4
2/28/1959 9:00,14677,POINT Z (4.9656 43.86777 0),1.449968414,3810.200797,4.9656,43.86777,01:32.6
2/28/1959 10:00,14749,POINT Z (5.09644 43.66914 0),0.689186797,3836.113954,5.09644,43.66914,00:18.9
2/28/1959 11:00,14837,POINT Z (5.23992 43.48008 0),0.194811707,3862.557948,5.23992,43.48008,00:17.4
2/28/1959 12:00,14999,POINT Z (5.36985 43.29609 0),0.159640735,3888.903666,5.36985,43.29609,00:02.5
2/28/1959 13:00,15000,POINT Z (5.36985 43.29609 1),0.159640735,3888.903666,5.36985,43.29609,00:02.5
2/28/1959 14:00,15001,POINT Z (5.36985 43.29609 2),0.159640735,3888.903666,5.36985,43.29609,00:02.5
2/28/1959 15:00,15002,POINT Z (5.36985 43.29609 3),0.159640735,3888.903666,5.36985,43.29609,00:02.5
2/28/1959 16:00,15003,POINT Z (5.36985 43.29609 4),0.159640735,3888.903666,5.36985,43.29609,00:02.5
2/28/1959 17:00,15004,POINT Z (5.36985 43.29609 5),0.159640735,3888.903666,5.36985,43.29609,00:02.5
2/28/1959 18:00,15005,POINT Z (5.36985 43.29609 6),0.159640735,3888.903666,5.36985,43.29609,00:02.5
2/28/1959 19:00,15006,POINT Z (5.36985 43.29609 7),0.159640735,3888.903666,5.36985,43.29609,00:02.5
2/28/1959 20:00,15007,POINT Z (5.36985 43.29609 8),0.159640735,3888.903666,5.36985,43.29609,00:02.5
2/28/1959 21:00,15008,POINT Z (5.36985 43.29609 9),0.159640735,3888.903666,5.36985,43.29609,00:02.5
2/28/1959 22:00,15009,POINT Z (5.36985 43.29609 10),0.159640735,3888.903666,5.36985,43.29609,00:02.5
2/28/1959 23:00,15010,POINT Z (5.36985 43.29609 11),0.159640735,3888.903666,5.36985,43.29609,00:02.5
3/1/1959 0:00,15011,POINT Z (5.36985 43.29609 12),0.159640735,3888.903666,5.36985,43.29609,00:02.5
3/1/1959 1:00,15012,POINT Z (5.36985 43.29609 13),0.159640735,3888.903666,5.36985,43.29609,00:02.5
3/1/1959 2:00,15013,POINT Z (5.36985 43.29609 14),0.159640735,3888.903666,5.36985,43.29609,00:02.5
3/1/1959 3:00,15014,POINT Z (5.36985 43.29609 15),0.159640735,3888.903666,5.36985,43.29609,00:02.5
3/1/1959 4:00,15015,POINT Z (5.36985 43.29609 16),0.159640735,3888.903666,5.36985,43.29609,00:02.5
3/1/1959 5:00,15016,POINT Z (5.36985 43.29609 17),0.159640735,3888.903666,5.36985,43.29609,00:02.5
3/1/1959 6:00,15017,POINT Z (5.36985 43.29609 18),0.159640735,3888.903666,5.36985,43.29609,00:02.5
3/1/1959 7:00,15018,POINT Z (5.36985 43.29609 19),0.159640735,3888.903666,5.36985,43.29609,00:02.5
3/1/1959 8:00,15019,POINT Z (5.36985 43.29609 20),0.159640735,3888.903666,5.36985,43.29609,00:02.5
3/1/1959 9:00,15020,POINT Z (5.36985 43.29609 21),0.159640735,3888.903666,5.36985,43.29609,00:02.5
3/1/1959 10:00,15021,POINT Z (5.36985 43.29609 22),0.159640735,3888.903666,5.36985,43.29609,00:02.5
3/1/1959 11:00,15022,POINT Z (5.36985 43.29609 23),0.159640735,3888.903666,5.36985,43.29609,00:02.5
3/1/1959 12:00,15023,POINT Z (5.36985 43.29609 24),0.159640735,3888.903666,5.36985,43.29609,00:02.5
3/1/1959 13:00,15024,POINT Z (5.36985 43.29609 25),0.159640735,3888.903666,5.36985,43.29609,00:02.5
3/1/1959 14:00,15025,POINT Z (5.36985 43.29609 26),0.159640735,3888.903666,5.36985,43.29609,00:02.5
3/1/1959 15:00,15026,POINT Z (5.36985 43.29609 27),0.159640735,3888.903666,5.36985,43.29609,00:02.5
3/1/1959 16:00,15027,POINT Z (5.36985 43.29609 28),0.159640735,3888.903666,5.36985,43.29609,00:02.5
3/1/1959 17:00,15028,POINT Z (5.36985 43.29609 29),0.159640735,3888.903666,5.36985,43.29609,00:02.5
3/1/1959 18:00,15029,POINT Z (5.36985 43.29609 30),0.159640735,3888.903666,5.36985,43.29609,00:02.5
3/1/1959 19:00,15030,POINT Z (5.36985 43.29609 31),0.159640735,3888.903666,5.36985,43.29609,00:02.5
3/1/1959 20:00,15031,POINT Z (5.36985 43.29609 32),0.159640735,3888.903666,5.36985,43.29609,00:02.5
3/1/1959 21:00,15032,POINT Z (5.36985 43.29609 33),0.159640735,3888.903666,5.36985,43.29609,00:02.5
3/1/1959 22:00,15033,POINT Z (5.36985 43.29609 34),0.159640735,3888.903666,5.36985,43.29609,00:02.5
3/1/1959 23:00,15034,POINT Z (5.36985 43.29609 35),0.159640735,3888.903666,5.36985,43.29609,00:02.5
3/2/1959 0:00,15035,POINT Z (5.36985 43.29609 36),0.159640735,3888.903666,5.36985,43.29609,00:02.5
3/2/1959 1:00,15036,POINT Z (5.36985 43.29609 37),0.159640735,3888.903666,5.36985,43.29609,00:02.5
3/2/1959 2:00,15037,POINT Z (5.36985 43.29609 38),0.159640735,3888.903666,5.36985,43.29609,00:02.5
3/2/1959 3:00,15038,POINT Z (5.36985 43.29609 39),0.159640735,3888.903666,5.36985,43.29609,00:02.5
3/2/1959 4:00,15039,POINT Z (5.36985 43.29609 40),0.159640735,3888.903666,5.36985,43.29609,00:02.5
3/2/1959 5:00,15040,POINT Z (5.36985 43.29609 41),0.159640735,3888.903666,5.36985,43.29609,00:02.5
3/2/1959 6:00,15041,POINT Z (5.36985 43.29609 42),0.159640735,3888.903666,5.36985,43.29609,00:02.5
3/2/1959 7:00,15042,POINT Z (5.36985 43.29609 43),0.159640735,3888.903666,5.36985,43.29609,00:02.5
3/2/1959 8:00,15043,POINT Z (5.36985 43.29609 44),0.159640735,3888.903666,5.36985,43.29609,00:02.5
3/2/1959 9:00,15044,POINT Z (5.36985 43.29609 45),0.159640735,3888.903666,5.36985,43.29609,00:02.5
3/2/1959 10:00,15045,POINT Z (5.36985 43.29609 46),0.159640735,3888.903666,5.36985,43.29609,00:02.5
3/2/1959 11:00,15046,POINT Z (5.36985 43.29609 47),0.159640735,3888.903666,5.36985,43.29609,00:02.5
3/2/1959 12:00,15047,POINT Z (5.36985 43.29609 48),0.159640735,3888.903666,5.36985,43.29609,00:02.5
3/2/1959 13:00,15048,POINT Z (5.36985 43.29609 49),0.159640735,3888.903666,5.36985,43.29609,00:02.5
3/2/1959 14:00,15049,POINT Z (5.36985 43.29609 50),0.159640735,3888.903666,5.36985,43.29609,00:02.5
3/2/1959 15:00,15050,POINT Z (5.36985 43.29609 51),0.159640735,3888.903666,5.36985,43.29609,00:02.5
3/2/1959 16:00,15051,POINT Z (5.36985 43.29609 52),0.159640735,3888.903666,5.36985,43.29609,00:02.5
3/2/1959 17:00,15052,POINT Z (5.36985 43.29609 53),0.159640735,3888.903666,5.36985,43.29609,00:02.5
3/2/1959 18:00,15053,POINT Z (5.36985 43.29609 54),0.159640735,3888.903666,5.36985,43.29609,00:02.5
3/2/1959 19:00,15054,POINT Z (5.36985 43.29609 55),0.159640735,3888.903666,5.36985,43.29609,00:02.5
3/2/1959 20:00,15055,POINT Z (5.36985 43.29609 56),0.159640735,3888.903666,5.36985,43.29609,00:02.5
3/2/1959 21:00,15056,POINT Z (5.36985 43.29609 57),0.159640735,3888.903666,5.36985,43.29609,00:02.5
3/2/1959 22:00,15057,POINT Z (5.36985 43.29609 58),0.159640735,3888.903666,5.36985,43.29609,00:02.5
3/2/1959 23:00,15058,POINT Z (5.36985 43.29609 59),0.159640735,3888.903666,5.36985,43.29609,00:02.5
3/3/1959 0:00,15059,POINT Z (5.36985 43.29609 60),0.159640735,3888.903666,5.36985,43.29609,00:02.5
3/3/1959 1:00,15060,POINT Z (5.36985 43.29609 61),0.159640735,3888.903666,5.36985,43.29609,00:02.5
3/3/1959 2:00,15061,POINT Z (5.36985 43.29609 62),0.159640735,3888.903666,5.36985,43.29609,00:02.5
3/3/1959 3:00,15062,POINT Z (5.36985 43.29609 63),0.159640735,3888.903666,5.36985,43.29609,00:02.5
3/3/1959 4:00,15063,POINT Z (5.36985 43.29609 64),0.159640735,3888.903666,5.36985,43.29609,00:02.5
3/3/1959 5:00,15064,POINT Z (5.36985 43.29609 65),0.159640735,3888.903666,5.36985,43.29609,00:02.5
3/3/1959 6:00,15065,POINT Z (5.36985 43.29609 66),0.159640735,3888.903666,5.36985,43.29609,00:02.5
3/3/1959 7:00,15066,POINT Z (5.36985 43.29609 67),0.159640735,3888.903666,5.36985,43.29609,00:02.5
3/3/1959 8:00,15067,POINT Z (5.36985 43.29609 68),0.159640735,3888.903666,5.36985,43.29609,00:02.5
3/3/1959 9:00,0,POINT Z (3.05796 36.6998 0),0,0,3.05796,36.6998,00:00.0
3/3/1959 10:00,72,POINT Z (3.00756 36.64787 0),3.331466353,13.40394634,3.00756,36.64787,18:19.6
3/3/1959 11:00,93,POINT Z (2.93862 36.62145 0),0.17352516,20.54172,2.93862,36.62145,00:02.2
3/3/1959 12:00,111,POINT Z (2.86987 36.53256 0),4.623679578,32.76098793,2.86987,36.53256,11:26.5
3/3/1959 13:00,135,POINT Z (2.78799 36.50456 0),0.265020521,41.24884425,2.78799,36.50456,01:02.4
3/3/1959 14:00,167,POINT Z (2.7503 36.42811 0),0.848860133,51.57487841,2.7503,36.42811,01:22.9
3/3/1959 15:00,210,POINT Z (2.76546 36.34005 0),0.299210627,61.90045646,2.76546,36.34005,01:43.2
3/3/1959 16:00,282,POINT Z (2.79455 36.27423 0),0.22570674,71.99895113,2.79455,36.27423,00:43.8
3/3/1959 17:00,336,POINT Z (2.87555 36.22626 0),0.086725791,82.17376846,2.87555,36.22626,00:11.3
3/3/1959 18:00,390,POINT Z (2.88751 36.14741 0),0.467924709,92.52055712,2.88751,36.14741,00:39.0
3/3/1959 19:00,441,POINT Z (2.91295 36.08532 0),0.431287268,102.9235054,2.91295,36.08532,01:26.4
3/3/1959 20:00,483,POINT Z (2.9124 35.99936 0),0.131061749,113.0663223,2.9124,35.99936,00:42.6
3/3/1959 21:00,517,POINT Z (2.81359 35.95187 0),0.823742359,123.9310253,2.81359,35.95187,04:12.0
3/3/1959 22:00,547,POINT Z (2.74222 35.89599 0),1.36139526,134.0111747,2.74222,35.89599,03:06.2
3/3/1959 23:00,588,POINT Z (2.77161 35.82869 0),0.793748517,144.4898688,2.77161,35.82869,04:20.2
3/4/1959 0:00,632,POINT Z (2.80096 35.75502 0),1.022128289,154.0281905,2.80096,35.75502,00:04.4
3/4/1959 1:00,668,POINT Z (2.87538 35.66405 0),5.462002602,166.9497544,2.87538,35.66405,15:34.9
3/4/1959 2:00,677,POINT Z (2.90049 35.59723 0),0.249914963,174.7366328,2.90049,35.59723,01:05.1
3/4/1959 3:00,695,POINT Z (2.95817 35.5141 0),1.964451143,185.9768461,2.95817,35.5141,06:46.1
3/4/1959 4:00,703,POINT Z (2.97681 35.41154 0),3.365807742,197.640991,2.97681,35.41154,14:55.7
3/4/1959 5:00,720,POINT Z (2.96287 35.32457 0),3.854764775,208.9954049,2.96287,35.32457,21:16.7
3/4/1959 6:00,724,POINT Z (3.00067 35.24103 0),4.297313438,218.8859551,3.00067,35.24103,19:04.5
3/4/1959 7:00,737,POINT Z (3.03162 35.175 0),2.292325726,227.0947949,3.03162,35.175,07:02.6
3/4/1959 8:00,765,POINT Z (3.00293 35.10115 0),0.159635502,236.1898883,3.00293,35.10115,00:11.5
3/4/1959 9:00,783,POINT Z (3.05441 34.94246 0),11.17809183,255.511461,3.05441,34.94246,53:05.9
3/4/1959 10:00,784,POINT Z (3.058419999999999 34.92232 0),2.264155996,257.775617,3.05842,34.92232,06:19.7
3/4/1959 11:00,799,POINT Z (3.10299 34.84747 0),0.631147857,267.3181393,3.10299,34.84747,02:05.5
3/4/1959 12:00,826,POINT Z (3.16749 34.76919 0),2.513924029,278.1228361,3.16749,34.76919,05:13.8
3/4/1959 13:00,855,POINT Z (3.22971 34.70394 0),0.517797324,287.9929514,3.22971,34.70394,02:54.4
3/4/1959 14:00,903,POINT Z (3.25037 34.62867 0),1.022745977,298.1288308,3.25037,34.62867,02:08.1
3/4/1959 15:00,930,POINT Z (3.23998 34.54218 0),0.953391097,308.1316182,3.23998,34.54218,00:35.3
3/4/1959 16:00,952,POINT Z (3.20894 34.42315 0),4.662193196,322.1645017,3.20894,34.42315,22:35.4
3/4/1959 17:00,962,POINT Z (3.15595 34.33671 0),6.103366536,333.0503787,3.15595,34.33671,26:12.1
3/4/1959 18:00,966,POINT Z (3.11874 34.26823 0),4.288415068,341.3896576,3.11874,34.26823,14:56.0
3/4/1959 19:00,979,POINT Z (3.07067 34.1984 0),1.670885858,350.4359969,3.07067,34.1984,07:47.8
3/4/1959 20:00,990,POINT Z (3.01153 34.12958 0),1.630547381,359.929035,3.01153,34.12958,03:16.2
3/4/1959 21:00,1000,POINT Z (2.95393 34.0518 0),2.657961082,370.1462823,2.95393,34.0518,02:58.5
3/4/1959 22:00,1010,POINT Z (2.91629 33.96103 0),2.886785339,381.1379532,2.91629,33.96103,07:12.3
3/4/1959 23:00,1014,POINT Z (2.86786 33.89008 0),1.864300936,390.2192933,2.86786,33.89008,00:16.3
3/5/1959 0:00,1053,POINT Z (2.88949 33.81458 0),0.510280946,400.6385688,2.88949,33.81458,01:09.5
3/5/1959 1:00,1103,POINT Z (2.90394 33.74389 0),0.936040015,411.0870705,2.90394,33.74389,02:12.9
3/5/1959 2:00,1113,POINT Z (2.92021 33.65735 0),2.252037927,421.1918639,2.92021,33.65735,01:15.8
3/5/1959 3:00,1122,POINT Z (2.95894 33.56719 0),2.945456453,431.8823489,2.95894,33.56719,03:44.0
3/5/1959 4:00,1136,POINT Z (3.00969 33.48796 0),5.283335628,442.1182857,3.00969,33.48796,03:32.9
3/5/1959 5:00,1142,POINT Z (3.05266 33.39798 0),2.184266653,453.1961148,3.05266,33.39798,08:16.9
3/5/1959 6:00,1148,POINT Z (3.11082 33.33622 0),2.958556477,462.1652288,3.11082,33.33622,00:41.6
3/5/1959 7:00,1157,POINT Z (3.17531 33.26222 0),2.232487898,472.6309517,3.17531,33.26222,01:51.0
3/5/1959 8:00,1175,POINT Z (3.27575 33.21328 0),3.497264963,483.9936906,3.27575,33.21328,08:15.0
3/5/1959 9:00,1179,POINT Z (3.3437 33.15322 0),2.954264966,493.2934972,3.3437,33.15322,02:35.6
3/5/1959 10:00,1200,POINT Z (3.4262 33.0945 0),0.937564695,503.6260949,3.4262,33.0945,02:58.4
3/5/1959 11:00,1213,POINT Z (3.5363 33.06284 0),1.283035656,514.6189026,3.5363,33.06284,07:12.6
3/5/1959 12:00,1235,POINT Z (3.60349 33.0159 0),0.130888775,523.670033,3.60349,33.0159,00:06.0
3/5/1959 13:00,1260,POINT Z (3.6774 32.9535 0),0.785074248,533.9922886,3.6774,32.9535,00:25.2
3/5/1959 14:00,1308,POINT Z (3.72456 32.87578 0),0.137434595,544.2643102,3.72456,32.87578,00:26.7
3/5/1959 15:00,1374,POINT Z (3.73854 32.8 0),0.587833948,554.5912185,3.73854,32.8,00:47.4
3/5/1959 16:00,1411,POINT Z (3.7321 32.70752 0),0.935894242,565.5799594,3.7321,32.70752,05:00.2
3/5/1959 17:00,1437,POINT Z (3.716819999999999 32.62912 0),0.342728397,575.0480357,3.71682,32.62912,00:19.9
3/5/1959 18:00,1466,POINT Z (3.81853 32.60496 0),0.106610727,585.2885029,3.81853,32.60496,00:10.3
3/5/1959 19:00,1492,POINT Z (3.88713 32.53976 0),0.475431714,595.631857,3.88713,32.53976,00:36.9
3/5/1959 20:00,1524,POINT Z (3.88694 32.44636 0),1.39141359,606.7127564,3.88694,32.44636,05:22.0
3/5/1959 21:00,1556,POINT Z (3.85093 32.36851 0),0.501608867,616.3120747,3.85093,32.36851,01:27.6
3/5/1959 22:00,1592,POINT Z (3.81418 32.28858 0),0.354979076,626.4329052,3.81418,32.28858,00:36.1
3/5/1959 23:00,1621,POINT Z (3.7865 32.21114 0),0.968114082,637.0766827,3.7865,32.21114,02:48.0
3/6/1959 0:00,1661,POINT Z (3.77437 32.13474 0),0.077107237,646.9153455,3.77437,32.13474,00:17.6
3/6/1959 1:00,1701,POINT Z (3.77403 32.04028 0),1.776529467,658.7017281,3.77403,32.04028,09:10.0
3/6/1959 2:00,1747,POINT Z (3.755729999999999 31.96732 0),1.042024845,668.3348175,3.75573,31.96732,05:27.5
3/6/1959 3:00,1780,POINT Z (3.76128 31.88769 0),0.797865309,678.4052901,3.76128,31.88769,04:18.4
3/6/1959 4:00,1791,POINT Z (3.72689 31.80009 0),2.865537238,689.5000854,3.72689,31.80009,09:08.4
3/6/1959 5:00,1794,POINT Z (3.70744 31.72353 0),1.279779825,698.2037778,3.70744,31.72353,00:00.0
3/6/1959 6:00,1800,POINT Z (3.68211 31.61039 0),2.961455752,711.0090695,3.68211,31.61039,14:49.7
3/6/1959 7:00,1811,POINT Z (3.64134 31.54817 0),0.921211291,719.2464958,3.64134,31.54817,02:57.9
3/6/1959 8:00,1821,POINT Z (3.58449 31.46646 0),1.92525083,729.9211081,3.58449,31.46646,05:20.6
3/6/1959 9:00,1831,POINT Z (3.56042 31.38386 0),1.14666623,739.4468108,3.56042,31.38386,01:00.4
3/6/1959 10:00,1849,POINT Z (3.51867 31.30334 0),0.764960166,749.71185,3.51867,31.30334,00:59.5
3/6/1959 11:00,1865,POINT Z (3.50025 31.21743 0),0.905147827,760.0259158,3.50025,31.21743,01:15.7
3/6/1959 12:00,1889,POINT Z (3.46846 31.13375 0),2.430864634,770.4067901,3.46846,31.13375,01:55.4
3/6/1959 13:00,1896,POINT Z (3.41381 31.0522 0),2.639840451,780.8630693,3.41381,31.0522,03:01.5
3/6/1959 14:00,1910,POINT Z (3.38375 30.96694 0),1.089621991,791.0078453,3.38375,30.96694,02:18.4
3/6/1959 15:00,1930,POINT Z (3.33953 30.89852 0),1.349783188,800.9708538,3.33953,30.89852,00:31.6
3/6/1959 16:00,1936,POINT Z (3.26464 30.82749 0),3.000450503,811.6203945,3.26464,30.82749,02:45.5
3/6/1959 17:00,1962,POINT Z (3.19776 30.76601 0),0.318050497,821.4448153,3.19776,30.76601,00:10.0
3/6/1959 18:00,1989,POINT Z (3.14343 30.70811 0),0.10820761,831.735614,3.14343,30.70811,00:18.1
3/6/1959 19:00,2008,POINT Z (3.05277 30.67232 0),0.333705535,842.2635853,3.05277,30.67232,01:49.4
3/6/1959 20:00,2033,POINT Z (3.01805 30.61202 0),0.064307588,852.2795911,3.01805,30.61202,00:21.2
3/6/1959 21:00,2037,POINT Z (2.96659 30.44399 0),14.92106962,871.8131926,2.96659,30.44399,54:29.9
3/6/1959 22:00,2039,POINT Z (2.96243 30.42783 0),1.63771564,873.6500556,2.96243,30.42783,05:13.9
3/6/1959 23:00,2047,POINT Z (2.94816 30.33828 0),2.649246667,883.8265835,2.94816,30.33828,04:42.0
3/7/1959 0:00,2054,POINT Z (2.97122 30.25052 0),0.971644795,893.938587,2.97122,30.25052,03:47.4
3/7/1959 1:00,2076,POINT Z (2.99613 30.16105 0),1.675914949,904.6324647,2.99613,30.16105,06:16.8
3/7/1959 2:00,2087,POINT Z (2.96821 30.0699 0),2.105418772,915.3135618,2.96821,30.0699,08:41.7
3/7/1959 3:00,2096,POINT Z (2.94301 29.98826 0),1.85036263,924.7700364,2.94301,29.98826,03:57.3
3/7/1959 4:00,2101,POINT Z (2.90787 29.8994 0),2.144558982,935.2112109,2.90787,29.8994,04:58.1
3/7/1959 5:00,2108,POINT Z (2.84709 29.79969 0),5.264447794,947.8499118,2.84709,29.79969,18:49.4
3/7/1959 6:00,2114,POINT Z (2.83758 29.73138 0),2.384162918,955.8235084,2.83758,29.73138,05:25.1
3/7/1959 7:00,2118,POINT Z (2.85695 29.64546 0),1.350608699,965.5826524,2.85695,29.64546,02:26.8
3/7/1959 8:00,2122,POINT Z (2.82957 29.5343 0),3.943636673,978.3062907,2.82957,29.5343,16:47.9
3/7/1959 9:00,2127,POINT Z (2.77259 29.47403 0),2.989130264,987.1854671,2.77259,29.47403,08:41.0
3/7/1959 10:00,2131,POINT Z (2.68367 29.41591 0),2.388092883,997.9590937,2.68367,29.41591,11:38.4
3/7/1959 11:00,2137,POINT Z (2.6295 29.34383 0),1.927947002,1007.600364,2.6295,29.34383,07:58.8
3/7/1959 12:00,2141,POINT Z (2.61897 29.25288 0),2.520782417,1017.745996,2.61897,29.25288,07:16.0
3/7/1959 13:00,2145,POINT Z (2.59271 29.16036 0),2.400975439,1028.338108,2.59271,29.16036,09:09.7
3/7/1959 14:00,2148,POINT Z (2.56716 29.078 0),4.595715046,1037.80596,2.56716,29.078,04:29.3
3/7/1959 15:00,2152,POINT Z (2.54164 28.99298 0),2.156988561,1047.561366,2.54164,28.99298,01:29.7
3/7/1959 16:00,2156,POINT Z (2.50851 28.90519 0),2.448600617,1057.833301,2.50851,28.90519,01:31.2
3/7/1959 17:00,2161,POINT Z (2.50828 28.798 0),2.335027654,1069.780562,2.50828,28.798,11:20.0
3/7/1959 18:00,2165,POINT Z (2.53913 28.70924 0),2.78637459,1080.115494,2.53913,28.70924,11:43.6
3/7/1959 19:00,2170,POINT Z (2.52714 28.63567 0),2.155589043,1088.398389,2.52714,28.63567,00:07.7
3/7/1959 20:00,2174,POINT Z (2.52636 28.53442 0),3.216321203,1099.665837,2.52636,28.53442,05:58.2
3/7/1959 21:00,2178,POINT Z (2.55094 28.43748 0),2.231302528,1110.684996,2.55094,28.43748,10:21.7
3/7/1959 22:00,2182,POINT Z (2.57181 28.34136 0),3.259786325,1121.536525,2.57181,28.34136,13:46.4
3/7/1959 23:00,2185,POINT Z (2.57991 28.26818 0),2.383106208,1129.699003,2.57991,28.26818,01:28.3
3/8/1959 0:00,2189,POINT Z (2.59365 28.15535 0),3.077816825,1142.281747,2.59365,28.15535,15:00.0
3/8/1959 1:00,2192,POINT Z (2.60715 28.07308 0),2.873068466,1151.50619,2.60715,28.07308,08:54.2
3/8/1959 2:00,2227,POINT Z (2.64131 28.00902 0),0.18530621,1160.26106,2.64131,28.00902,00:03.8
3/8/1959 3:00,2245,POINT Z (2.64828 27.90813 0),2.407463155,1172.647656,2.64828,27.90813,12:26.7
3/8/1959 4:00,2250,POINT Z (2.63959 27.79619 0),5.237187764,1185.113081,2.63959,27.79619,25:17.2
3/8/1959 5:00,2253,POINT Z (2.6323 27.73243 0),2.958018199,1192.319741,2.6323,27.73243,07:24.0
3/8/1959 6:00,2256,POINT Z (2.60748 27.63596 0),5.281113652,1203.33192,2.60748,27.63596,11:45.0
3/8/1959 7:00,2259,POINT Z (2.58408 27.55164 0),2.370521348,1212.959703,2.58408,27.55164,08:00.6
3/8/1959 8:00,2262,POINT Z (2.56131 27.4607 0),2.606784694,1223.332899,2.56131,27.4607,08:37.6
3/8/1959 9:00,2269,POINT Z (2.5291 27.36234 0),3.695838873,1234.867561,2.5291,27.36234,16:01.8
3/8/1959 10:00,2278,POINT Z (2.50869 27.27815 0),2.980164394,1244.514626,2.50869,27.27815,12:24.2
3/8/1959 11:00,2304,POINT Z (2.4845 27.21092 0),0.390734526,1252.666401,2.4845,27.21092,00:02.4
3/8/1959 12:00,2355,POINT Z (2.54359 27.12782 0),2.052216674,1263.999119,2.54359,27.12782,06:15.8
3/8/1959 13:00,2360,POINT Z (2.58551 27.05282 0),3.132490756,1273.316312,2.58551,27.05282,00:42.5
3/8/1959 14:00,2364,POINT Z (2.65811 26.95535 0),3.266321327,1286.327131,2.65811,26.95535,16:44.3
3/8/1959 15:00,2367,POINT Z (2.69916 26.87955 0),2.955960005,1295.666922,2.69916,26.87955,11:19.0
3/8/1959 16:00,2380,POINT Z (2.75848 26.82736 0),0.694288936,1304.223822,2.75848,26.82736,01:19.1
3/8/1959 17:00,2394,POINT Z (2.8132 26.73937 0),3.197758659,1315.953314,2.8132,26.73937,09:51.6
3/8/1959 18:00,2400,POINT Z (2.88733 26.66365 0),3.563894271,1327.221431,2.88733,26.66365,15:42.4
3/8/1959 19:00,2405,POINT Z (2.92272 26.59582 0),3.131421289,1335.70834,2.92272,26.59582,05:18.0
3/8/1959 20:00,2411,POINT Z (2.99227 26.50834 0),3.001584758,1347.798826,2.99227,26.50834,15:57.1
3/8/1959 21:00,2420,POINT Z (3.03629 26.45407 0),0.694797048,1355.475894,3.03629,26.45407,00:48.8
3/8/1959 22:00,2434,POINT Z (3.10478 26.38761 0),0.449807713,1365.716621,3.10478,26.38761,00:39.4
3/8/1959 23:00,2445,POINT Z (3.14082 26.28648 0),4.190489857,1377.648253,3.14082,26.28648,10:22.8
3/9/1959 0:00,2455,POINT Z (3.13498 26.21056 0),0.357557036,1386.211659,3.13498,26.21056,00:25.2
3/9/1959 1:00,2468,POINT Z (3.15623 26.10942 0),2.544098431,1397.76468,3.15623,26.10942,07:55.9
3/9/1959 2:00,2474,POINT Z (3.17457 26.02814 0),0.319072294,1406.971122,3.17457,26.02814,01:43.8
3/9/1959 3:00,2486,POINT Z (3.17092 25.93141 0),2.208648237,1417.818275,3.17092,25.93141,05:06.9
3/9/1959 4:00,2491,POINT Z (3.19372 25.8417 0),2.361257877,1428.089466,3.19372,25.8417,05:08.1
3/9/1959 5:00,2503,POINT Z (3.1939 25.75732 0),0.276389348,1437.592845,3.1939,25.75732,00:40.2
3/9/1959 6:00,2514,POINT Z (3.21803 25.66642 0),2.238345353,1448.071507,3.21803,25.66642,01:54.1
3/9/1959 7:00,2535,POINT Z (3.24775 25.59023 0),0.099744599,1458.093255,3.24775,25.59023,00:27.9
3/9/1959 8:00,2562,POINT Z (3.31933 25.5236 0),1.399681952,1469.058695,3.31933,25.5236,04:32.5
3/9/1959 9:00,2575,POINT Z (3.37836 25.45619 0),1.350122103,1478.917856,3.37836,25.45619,02:09.3
3/9/1959 10:00,2589,POINT Z (3.46052 25.3836 0),2.886594157,1491.00572,3.46052,25.3836,12:47.5
3/9/1959 11:00,2599,POINT Z (3.51696 25.32563 0),2.568765035,1499.772911,3.51696,25.32563,04:01.4
3/9/1959 12:00,2615,POINT Z (3.59074 25.25502 0),2.676854401,1510.960549,3.59074,25.25502,09:23.9
3/9/1959 13:00,2630,POINT Z (3.66061 25.23789 0),1.066952066,1520.45281,3.66061,25.23789,04:52.0
3/9/1959 14:00,2646,POINT Z (3.74523 25.2804 0),0.964507687,1530.803219,3.74523,25.2804,05:21.0
3/9/1959 15:00,2688,POINT Z (3.795640000000001 25.23645 0),0.469959011,1540.229533,3.79564,25.23645,00:26.0
3/9/1959 16:00,2718,POINT Z (3.87825 25.18523 0),0.182716908,1550.526106,3.87825,25.18523,00:36.1
3/9/1959 17:00,2752,POINT Z (3.96545 25.14791 0),0.373599332,1560.877736,3.96545,25.14791,01:05.6
3/9/1959 18:00,2793,POINT Z (4.0158 25.0807 0),0.0750151,1570.985325,4.0158,25.0807,00:09.4
3/9/1959 19:00,2809,POINT Z (4.11895 25.06307 0),1.078424089,1582.114163,4.11895,25.06307,05:11.4
3/9/1959 20:00,2817,POINT Z (4.21862 25.0399 0),2.053665437,1592.648735,4.21862,25.0399,06:44.9
3/9/1959 21:00,2833,POINT Z (4.30274 25.01183 0),0.181417769,1601.840657,4.30274,25.01183,00:27.7
3/9/1959 22:00,2859,POINT Z (4.37738 24.95803 0),0.597386866,1612.370161,4.37738,24.95803,01:59.5
3/9/1959 23:00,2879,POINT Z (4.45329 24.91138 0),1.879604734,1622.38255,4.45329,24.91138,00:30.0
3/10/1959 0:00,2885,POINT Z (4.532 24.83461 0),2.185388969,1634.052422,4.532,24.83461,08:41.6
3/10/1959 1:00,2897,POINT Z (4.5945 24.78048 0),0.167325785,1642.889745,4.5945,24.78048,00:20.1
3/10/1959 2:00,2912,POINT Z (4.67294 24.71757 0),1.229377805,1653.728123,4.67294,24.71757,03:40.2
3/10/1959 3:00,2930,POINT Z (4.73609 24.64307 0),1.909730711,1664.906622,4.73609,24.64307,08:59.6
3/10/1959 4:00,2958,POINT Z (4.77313 24.57301 0),0.273157506,1673.883666,4.77313,24.57301,01:27.0
3/10/1959 5:00,2972,POINT Z (4.87629 24.51218 0),3.489587357,1686.437924,4.87629,24.51218,14:48.7
3/10/1959 6:00,2980,POINT Z (4.90848 24.44455 0),0.787950604,1694.716634,4.90848,24.44455,03:11.4
3/10/1959 7:00,2986,POINT Z (4.9339 24.35347 0),1.897100996,1705.21216,4.9339,24.35347,04:31.2
3/10/1959 8:00,3009,POINT Z (4.99158 24.2945 0),0.789623935,1715.114537,4.99158,24.2945,02:23.2
3/10/1959 9:00,3013,POINT Z (5.01909 24.2002 0),3.823139724,1725.946436,5.01909,24.2002,05:41.0
3/10/1959 10:00,3021,POINT Z (5.0488 24.11097 0),1.210774065,1736.333642,5.0488,24.11097,06:22.9
3/10/1959 11:00,3032,POINT Z (5.07834 24.02865 0),1.814624277,1746.103105,5.07834,24.02865,03:28.2
3/10/1959 12:00,3046,POINT Z (5.10231 23.94332 0),0.587091736,1755.950914,5.10231,23.94332,01:01.0
3/10/1959 13:00,3069,POINT Z (5.12482 23.85699 0),1.14142611,1766.317995,5.12482,23.85699,01:35.8
3/10/1959 14:00,3088,POINT Z (5.11702 23.78518 0),0.282543495,1776.355719,5.11702,23.78518,00:15.2
3/10/1959 15:00,3101,POINT Z (5.14157 23.69601 0),0.848525297,1786.587275,5.14157,23.69601,00:02.5
3/10/1959 16:00,3134,POINT Z (5.13759 23.61582 0),0.6335214,1797.388664,5.13759,23.61582,03:09.6
3/10/1959 17:00,3149,POINT Z (5.08867 23.55359 0),1.717227058,1807.30737,5.08867,23.55359,01:07.3
3/10/1959 18:00,3157,POINT Z (5.09642 23.46114 0),2.767724631,1817.661896,5.09642,23.46114,01:37.7
3/10/1959 19:00,3174,POINT Z (5.11985 23.37476 0),0.390983469,1827.907255,5.11985,23.37476,01:29.9
3/10/1959 20:00,3180,POINT Z (5.13804 23.26914 0),3.859653033,1839.780873,5.13804,23.26914,10:52.9
3/10/1959 21:00,3184,POINT Z (5.14821 23.18922 0),1.41331235,1848.719687,5.14821,23.18922,03:07.0
3/10/1959 22:00,3195,POINT Z (5.19017 23.09253 0),2.285263765,1860.471519,5.19017,23.09253,11:47.3
3/10/1959 23:00,3205,POINT Z (5.22176 23.01746 0),1.593099456,1869.577236,5.22176,23.01746,04:59.9
3/11/1959 0:00,3216,POINT Z (5.24606 22.93895 0),1.443861149,1879.129633,5.24606,22.93895,00:49.1
3/11/1959 1:00,3237,POINT Z (5.29627 22.86809 0),0.263685164,1889.345986,5.29627,22.86809,00:31.1
3/11/1959 2:00,3263,POINT Z (5.38686 22.83507 0),0.708832002,1899.901237,5.38686,22.83507,02:12.0
3/11/1959 3:00,3290,POINT Z (5.48135 22.82173 0),1.743800113,1910.217941,5.48135,22.82173,02:29.1
3/11/1959 4:00,3342,POINT Z (5.53806 22.81657 0),2.624618411,1920.205139,5.53806,22.81657,00:50.8
3/11/1959 5:00,3365,POINT Z (5.60061 22.87377 0),0.48665873,1930.4875,5.60061,22.87377,00:55.9
3/11/1959 6:00,3440,POINT Z (5.67004 22.91337 0),0.287219974,1940.697343,5.67004,22.91337,00:35.6
3/11/1959 7:00,3500,POINT Z (5.696659999999999 22.96598 0),0.912566092,1951.402528,5.69666,22.96598,03:09.0
3/11/1959 8:00,3537,POINT Z (5.7108 23.03891 0),0.17734997,1961.28078,5.7108,23.03891,00:52.5
3/11/1959 9:00,3611,POINT Z (5.71129 23.1114 0),0.047402639,1971.443591,5.71129,23.1114,00:15.7
3/11/1959 10:00,3684,POINT Z (5.716619999999999 23.18212 0),0.336584862,1981.787371,5.71662,23.18212,00:42.4
3/11/1959 11:00,3782,POINT Z (5.668330000000001 23.24317 0),0.133998291,1992.044915,5.66833,23.24317,00:38.8
3/11/1959 12:00,3925,POINT Z (5.61966 23.24083 0),0.099220934,2002.207733,5.61966,23.24083,00:02.0
3/11/1959 13:00,4054,POINT Z (5.55352 23.24503 0),0.254776032,2012.718373,5.55352,23.24503,01:27.2
3/11/1959 14:00,4175,POINT Z (5.58937 23.24697 0),0.124794009,2022.737708,5.58937,23.24697,00:00.1
3/11/1959 15:00,4308,POINT Z (5.641210000000001 23.26122 0),0.078993434,2033.042584,5.64121,23.26122,00:13.2
3/11/1959 16:00,4443,POINT Z (5.6948 23.21779 0),0.047935137,2043.283503,5.6948,23.21779,00:03.8
3/11/1959 17:00,4522,POINT Z (5.71166 23.15219 0),0.215201875,2053.711089,5.71166,23.15219,00:59.8
3/11/1959 18:00,4587,POINT Z (5.711610000000001 23.08168999999999 0),0.228023548,2064.009124,5.71161,23.08169,01:10.5
3/11/1959 19:00,4654,POINT Z (5.716539999999999 23.00389 0),0.282112896,2074.267632,5.71654,23.00389,01:07.3
3/11/1959 20:00,4686,POINT Z (5.70827 22.93792 0),0.18402141,2084.458111,5.70827,22.93792,00:40.2
3/11/1959 21:00,4755,POINT Z (5.63311 22.88754 0),0.069808084,2094.653428,5.63311,22.88754,00:14.8
3/11/1959 22:00,4809,POINT Z (5.56613 22.83761 0),0.866734351,2105.596916,5.56613,22.83761,04:11.7
3/11/1959 23:00,4835,POINT Z (5.56431 22.76636 0),0.598562441,2115.59367,5.56431,22.76636,02:36.7
3/12/1959 0:00,4888,POINT Z (5.53937 22.71159 0),0.348159331,2125.540288,5.53937,22.71159,00:44.2
3/12/1959 1:00,4938,POINT Z (5.50033 22.63529 0),0.095236187,2135.767418,5.50033,22.63529,00:29.9
3/12/1959 2:00,4993,POINT Z (5.47924 22.55492 0),0.149800611,2146.019378,5.47924,22.55492,00:24.4
3/12/1959 3:00,5042,POINT Z (5.4992 22.46999 0),0.442423717,2156.537681,5.4992,22.46999,01:52.3
3/12/1959 4:00,5081,POINT Z (5.50432 22.38459 0),0.451585877,2166.52507,5.50432,22.38459,00:14.0
3/12/1959 5:00,5132,POINT Z (5.51901 22.30267 0),0.149458604,2176.884229,5.51901,22.30267,00:46.1
3/12/1959 6:00,5159,POINT Z (5.54806 22.21434 0),0.409178783,2187.422349,5.54806,22.21434,02:20.9
3/12/1959 7:00,5190,POINT Z (5.57557 22.13359 0),0.350755313,2197.33639,5.57557,22.13359,00:16.9
3/12/1959 8:00,5206,POINT Z (5.63758 22.06211 0),2.368558993,2207.824142,5.63758,22.06211,01:34.0
3/12/1959 9:00,5219,POINT Z (5.65492 21.96618 0),2.590764698,2218.990434,5.65492,21.96618,06:49.1
3/12/1959 10:00,5232,POINT Z (5.64197 21.88196 0),0.723353523,2228.646409,5.64197,21.88196,03:14.6
3/12/1959 11:00,5246,POINT Z (5.6125 21.79877 0),0.733839022,2238.981027,5.6125,21.79877,03:38.1
3/12/1959 12:00,5262,POINT Z (5.59428 21.7099 0),2.676474873,2249.133112,5.59428,21.7099,02:57.5
3/12/1959 13:00,5271,POINT Z (5.5914 21.62083 0),0.286253866,2259.106783,5.5914,21.62083,01:14.4
3/12/1959 14:00,5281,POINT Z (5.57685 21.53165 0),0.462300409,2269.208075,5.57685,21.53165,00:16.1
3/12/1959 15:00,5293,POINT Z (5.59625 21.43366 0),2.325848241,2280.369255,5.59625,21.43366,05:29.4
3/12/1959 16:00,5307,POINT Z (5.6038 21.34551 0),1.133981997,2290.196311,5.6038,21.34551,02:54.9
3/12/1959 17:00,5320,POINT Z (5.62509 21.2209 0),4.846019092,2304.323965,5.62509,21.2209,25:28.2
3/12/1959 18:00,5327,POINT Z (5.64157 21.16688 0),0.943133391,2310.569159,5.64157,21.16688,01:57.9
3/12/1959 19:00,5337,POINT Z (5.68525 21.0841 0),3.307050345,2321.107317,5.68525,21.0841,03:32.7
3/12/1959 20:00,5355,POINT Z (5.71808 21.00592 0),0.435805524,2330.932627,5.71808,21.00592,00:57.6
3/12/1959 21:00,5364,POINT Z (5.769640000000001 20.91032 0),3.283910451,2342.980195,5.76964,20.91032,11:21.6
3/12/1959 22:00,5372,POINT Z (5.78189 20.81841 0),2.931664906,2353.345714,5.78189,20.81841,11:55.9
3/12/1959 23:00,5379,POINT Z (5.773909999999999 20.73144 0),2.046959604,2363.110026,5.77391,20.73144,08:59.4
3/13/1959 0:00,5394,POINT Z (5.7588 20.65076 0),1.74438822,2372.385892,5.7588,20.65076,03:11.7
3/13/1959 1:00,5410,POINT Z (5.76447 20.5603 0),1.131778818,2382.688776,5.76447,20.5603,03:24.0
3/13/1959 2:00,5428,POINT Z (5.7558 20.4768 0),1.051383396,2392.40037,5.7558,20.4768,00:09.0
3/13/1959 3:00,5452,POINT Z (5.72608 20.3966 0),0.571812451,2402.670432,5.72608,20.3966,00:09.9
3/13/1959 4:00,5479,POINT Z (5.77273 20.32392 0),0.746022949,2412.921153,5.77273,20.32392,00:03.9
3/13/1959 5:00,5494,POINT Z (5.790580000000001 20.19753 0),5.40235806,2427.161889,5.79058,20.19753,23:16.9
3/13/1959 6:00,5497,POINT Z (5.80084 20.12733 0),3.360377523,2435.014309,5.80084,20.12733,09:10.1
3/13/1959 7:00,5500,POINT Z (5.827659999999999 20.04551 0),5.926700336,2444.503187,5.82766,20.04551,04:37.0
3/13/1959 8:00,5517,POINT Z (5.80213 19.97253 0),1.584970873,2454.216472,5.80213,19.97253,01:22.6
3/13/1959 9:00,5538,POINT Z (5.77784 19.88743 0),1.40054943,2464.936924,5.77784,19.88743,04:01.4
3/13/1959 10:00,5543,POINT Z (5.80601 19.80026 0),2.997146372,2475.051656,5.80601,19.80026,03:07.7
3/13/1959 11:00,5554,POINT Z (5.80729 19.71382 0),0.753080759,2484.800827,5.80729,19.71382,00:05.9
3/13/1959 12:00,5568,POINT Z (5.7774 19.63011 0),1.500721273,2495.218589,5.7774,19.63011,00:58.6
3/13/1959 13:00,5604,POINT Z (5.779130000000001 19.54227 0),0.379616022,2505.387887,5.77913,19.54227,00:24.1
3/13/1959 14:00,5626,POINT Z (5.790480000000001 19.44268 0),2.143231214,2517.005727,5.79048,19.44268,08:17.4
3/13/1959 15:00,5634,POINT Z (5.778370000000001 19.36242 0),0.605300484,2526.046899,5.77837,19.36242,01:07.4
3/13/1959 16:00,5676,POINT Z (5.827579999999999 19.36394 0),0.811234423,2536.416974,5.82758,19.36394,01:43.3
3/13/1959 17:00,5681,POINT Z (5.932189999999999 19.41228 0),4.720405885,2548.66503,5.93219,19.41228,13:17.6
3/13/1959 18:00,5685,POINT Z (6.00008 19.44636 0),1.041425825,2556.787054,6.00008,19.44636,00:45.3
3/13/1959 19:00,5707,POINT Z (6.07904 19.49289 0),0.271098894,2567.046502,6.07904,19.49289,00:42.4
3/13/1959 20:00,5733,POINT Z (6.16651 19.47363 0),1.162780698,2577.316281,6.16651,19.47363,00:43.2
3/13/1959 21:00,5743,POINT Z (6.23963 19.40006 0),1.5393627,2588.825331,6.23963,19.40006,07:58.4
3/13/1959 22:00,5759,POINT Z (6.31456 19.36565 0),0.416088166,2597.805869,6.31456,19.36565,00:27.1
3/13/1959 23:00,5770,POINT Z (6.403060000000001 19.32872 0),1.485761149,2608.036693,6.40306,19.32872,00:14.2
3/14/1959 0:00,5785,POINT Z (6.48704 19.29082 0),2.711094959,2618.326058,6.48704,19.29082,00:21.8
3/14/1959 1:00,5810,POINT Z (6.555320000000001 19.26505 0),0.390605859,2628.544911,6.55532,19.26505,00:04.6
3/14/1959 2:00,5831,POINT Z (6.59706 19.20785 0),0.904390409,2639.194165,6.59706,19.20785,02:18.4
3/14/1959 3:00,5858,POINT Z (6.67323 19.16773 0),0.986252043,2649.751309,6.67323,19.16773,03:59.9
3/14/1959 4:00,5870,POINT Z (6.74655 19.11492 0),0.476446578,2659.493848,6.74655,19.11492,00:55.8
3/14/1959 5:00,5885,POINT Z (6.84331 19.06605 0),1.593290936,2671.127964,6.84331,19.06605,08:54.8
3/14/1959 6:00,5896,POINT Z (6.92266 19.03252 0),1.287213628,2680.315334,6.92266,19.03252,02:36.1
3/14/1959 7:00,5912,POINT Z (7.00305 18.98782 0),0.886301484,2690.290805,7.00305,18.98782,00:53.6
3/14/1959 8:00,5919,POINT Z (7.10421 18.93284 0),2.524781881,2702.607027,7.10421,18.93284,12:51.8
3/14/1959 9:00,5924,POINT Z (7.18575 18.88753 0),2.202673678,2712.581023,7.18575,18.88753,11:08.9
3/14/1959 10:00,5928,POINT Z (7.26595 18.84322 0),4.994213808,2722.370969,7.26595,18.84322,08:21.4
3/14/1959 11:00,5945,POINT Z (7.341170000000001 18.80036 0),1.048875273,2731.939601,7.34117,18.80036,04:16.3
3/14/1959 12:00,5975,POINT Z (7.39744 18.74872 0),0.089538142,2741.545141,7.39744,18.74872,00:24.1
3/14/1959 13:00,5998,POINT Z (7.498530000000001 18.73998 0),1.595637229,2752.795881,7.49853,18.73998,06:08.8
3/14/1959 14:00,6008,POINT Z (7.554430000000001 18.67273 0),0.686083866,2762.578637,7.55443,18.67273,03:18.7
3/14/1959 15:00,6019,POINT Z (7.58448 18.58627 0),0.777134998,2772.864625,7.58448,18.58627,03:25.1
3/14/1959 16:00,6033,POINT Z (7.628369999999999 18.50826 0),0.480182949,2782.850512,7.62837,18.50826,01:46.3
3/14/1959 17:00,6044,POINT Z (7.684419999999999 18.44143 0),0.621781308,2792.93372,7.68442,18.44143,00:41.6
3/14/1959 18:00,6059,POINT Z (7.75435 18.37835 0),0.312520596,2803.184732,7.75435,18.37835,00:35.8
3/14/1959 19:00,6078,POINT Z (7.77703 18.28991 0),0.569688803,2813.568829,7.77703,18.28991,01:16.6
3/14/1959 20:00,6089,POINT Z (7.75643 18.20367 0),0.492443305,2823.840455,7.75643,18.20367,01:18.0
3/14/1959 21:00,6097,POINT Z (7.778320000000001 18.1151 0),1.959091137,2834.293297,7.77832,18.1151,02:22.9
3/14/1959 22:00,6100,POINT Z (7.76038 18.01726 0),3.454013603,2845.312315,7.76038,18.01726,06:46.3
3/14/1959 23:00,6104,POINT Z (7.77094 17.93195 0),0.506126506,2854.893439,7.77094,17.93195,02:45.6
3/15/1959 0:00,6116,POINT Z (7.80235 17.84365 0),0.977299703,2865.42255,7.80235,17.84365,04:17.2
3/15/1959 1:00,6125,POINT Z (7.87196 17.77051 0),2.098728442,2876.741682,7.87196,17.77051,10:25.9
3/15/1959 2:00,6131,POINT Z (7.9509 17.74666 0),0.676040946,2885.610517,7.9509,17.74666,02:15.4
3/15/1959 3:00,6142,POINT Z (7.98749 17.67134 0),1.999952031,2896.202718,7.98749,17.67134,04:09.2
3/15/1959 4:00,6145,POINT Z (7.98766 17.56966 0),4.69216822,2907.465279,7.98766,17.56966,09:58.0
3/15/1959 5:00,6150,POINT Z (7.98148 17.48961 0),0.443805386,2916.361221,7.98148,17.48961,01:57.1
3/15/1959 6:00,6164,POINT Z (7.94869 17.40626 0),0.63980133,2926.527856,7.94869,17.40626,01:21.6
3/15/1959 7:00,6181,POINT Z (7.9026 17.32925 0),0.351140055,2936.789633,7.9026,17.32925,01:19.5
3/15/1959 8:00,6196,POINT Z (7.95462 17.26181 0),1.351925078,2946.849539,7.95462,17.26181,00:06.7
3/15/1959 9:00,6214,POINT Z (8.01041 17.18556 0),0.549859683,2957.396978,8.01041,17.18556,01:44.8
3/15/1959 10:00,6227,POINT Z (8.06251 17.11266 0),1.138058938,2968.026421,8.06251,17.11266,03:51.6
3/15/1959 11:00,6269,POINT Z (8.04945 17.03748 0),0.051063198,2977.667956,8.04945,17.03748,00:12.1
3/15/1959 12:00,6333,POINT Z (7.987960000000001 16.97446 0),0.078239732,2987.915847,7.98796,16.97446,00:05.1
3/15/1959 13:00,6357,POINT Z (7.96784 16.88371 0),3.693109162,2999.529376,7.96784,16.88371,07:57.0
3/15/1959 14:00,6366,POINT Z (7.98635 16.79416 0),2.602994813,3009.890469,7.98635,16.79416,08:29.7
3/15/1959 15:00,6378,POINT Z (7.95832 16.69368 0),3.535445317,3021.626076,7.95832,16.69368,17:04.4
3/15/1959 16:00,6387,POINT Z (7.93464 16.61322 0),2.858111167,3031.034317,7.93464,16.61322,12:03.0
3/15/1959 17:00,6394,POINT Z (7.93258 16.53827 0),2.570881248,3039.388857,7.93258,16.53827,00:52.3
3/15/1959 18:00,6408,POINT Z (7.901969999999999 16.44243 0),1.527050985,3050.69938,7.90197,16.44243,06:57.9
3/15/1959 19:00,6436,POINT Z (7.87248 16.38207 0),0.4278198,3059.89524,7.87248,16.38207,00:42.1
3/15/1959 20:00,6451,POINT Z (7.84192 16.28257 0),2.114993622,3071.561972,7.84192,16.28257,08:52.6
3/15/1959 21:00,6462,POINT Z (7.82484 16.19638 0),2.156093602,3081.360902,7.82484,16.19638,06:08.3
3/15/1959 22:00,6469,POINT Z (7.824070000000001 16.10355 0),2.118485746,3091.683518,7.82407,16.10355,06:27.5
3/15/1959 23:00,6484,POINT Z (7.840629999999999 16.01191 0),1.429693416,3102.11599,7.84063,16.01191,07:25.3
3/16/1959 0:00,6504,POINT Z (7.84149 15.93038 0),0.402100701,3111.260727,7.84149,15.93038,00:51.5
3/16/1959 1:00,6522,POINT Z (7.83823 15.8333 0),1.644875457,3122.216647,7.83823,15.8333,04:52.8
3/16/1959 2:00,6531,POINT Z (7.87419 15.73129 0),3.889420622,3134.397081,7.87419,15.73129,16:03.5
3/16/1959 3:00,6537,POINT Z (7.906580000000001 15.67533 0),5.381848321,3142.295638,7.90658,15.67533,02:12.8
3/16/1959 4:00,6550,POINT Z (7.92724 15.59997 0),3.744578064,3152.723284,7.92724,15.59997,03:08.9
3/16/1959 5:00,6563,POINT Z (7.986970000000001 15.52887 0),0.970149932,3163.266433,7.98697,15.52887,04:45.5
3/16/1959 6:00,6572,POINT Z (8.06113 15.46071 0),3.556787258,3174.603438,8.06113,15.46071,11:00.4
3/16/1959 7:00,6581,POINT Z (8.17108 15.42398 0),7.490373341,3187.731574,8.17108,15.42398,27:43.3
3/16/1959 8:00,6588,POINT Z (8.22284 15.39609 0),3.125308085,3194.932639,8.22284,15.39609,09:48.1
3/16/1959 9:00,6598,POINT Z (8.25726 15.34263 0),5.020342065,3203.929154,8.25726,15.34263,02:22.4
3/16/1959 10:00,6604,POINT Z (8.33962 15.29505 0),3.468324204,3214.301581,8.33962,15.29505,02:59.1
3/16/1959 11:00,6610,POINT Z (8.40672 15.22787 0),3.040495007,3224.809529,8.40672,15.22787,04:23.3
3/16/1959 12:00,6615,POINT Z (8.49129 15.15306 0),4.249376286,3237.148658,8.49129,15.15306,16:29.6
3/16/1959 13:00,6624,POINT Z (8.55274 15.10531 0),1.638300024,3245.832409,8.55274,15.10531,07:14.3
3/16/1959 14:00,6637,POINT Z (8.63984 15.05968 0),3.000167076,3257.176508,8.63984,15.05968,13:31.7
3/16/1959 15:00,6651,POINT Z (8.70051 15.00823 0),2.127622366,3266.858725,8.70051,15.00823,10:06.4
3/16/1959 16:00,6664,POINT Z (8.78534 15.01385 0),0.723257042,3276.104402,8.78534,15.01385,04:08.0
3/16/1959 17:00,6675,POINT Z (8.86449 14.97413 0),0.178616032,3285.728904,8.86449,14.97413,00:22.5
3/16/1959 18:00,6699,POINT Z (8.8729 14.88002 0),3.168724142,3299.03144,8.8729,14.88002,18:06.6
3/16/1959 19:00,6708,POINT Z (8.86343 14.79427 0),3.418430093,3308.700809,8.86343,14.79427,14:36.8
3/16/1959 20:00,6722,POINT Z (8.82414 14.72875 0),1.496431539,3317.289854,8.82414,14.72875,04:48.2
3/16/1959 21:00,6731,POINT Z (8.75311 14.64964 0),6.214733332,3329.097822,8.75311,14.64964,13:48.3
3/16/1959 22:00,6752,POINT Z (8.74675 14.56655 0),2.704322297,3339.074247,8.74675,14.56655,12:06.2
3/16/1959 23:00,6760,POINT Z (8.73121 14.49286 0),3.417167257,3347.453368,8.73121,14.49286,01:04.0
3/17/1959 0:00,6772,POINT Z (8.73886 14.39454 0),2.46771597,3358.577452,8.73886,14.39454,06:04.3
3/17/1959 1:00,6777,POINT Z (8.77995 14.29611 0),2.574720498,3370.364695,8.77995,14.29611,14:57.0
3/17/1959 2:00,6784,POINT Z (8.8049 14.2316 0),2.840087316,3378.101384,8.8049,14.2316,00:09.6
3/17/1959 3:00,6792,POINT Z (8.88321 14.13773 0),4.10622804,3391.574017,8.88321,14.13773,18:53.3
3/17/1959 4:00,6795,POINT Z (8.93029 14.05738 0),4.332779718,3401.833857,8.93029,14.05738,18:50.6
3/17/1959 5:00,6798,POINT Z (8.9667 13.99285 0),3.329234993,3410.037924,8.9667,13.99285,06:47.0
3/17/1959 6:00,6801,POINT Z (8.98553 13.91212 0),0.519891923,3419.206572,8.98553,13.91212,00:21.7
3/17/1959 7:00,6814,POINT Z (8.97977 13.82025 0),2.034814481,3429.731102,8.97977,13.82025,01:51.7
3/17/1959 8:00,6862,POINT Z (9.01748 13.73259 0),2.431507955,3440.563018,9.01748,13.73259,05:09.5
3/17/1959 9:00,6866,POINT Z (9.02827 13.64782 0),5.723051395,3450.062668,9.02827,13.64782,00:40.2
3/17/1959 10:00,6870,POINT Z (9.02092 13.53277 0),5.070716808,3462.868094,9.02092,13.53277,15:30.0
3/17/1959 11:00,6873,POINT Z (9.00917 13.45237 0),3.477244877,3471.912613,9.00917,13.45237,08:21.1
3/17/1959 12:00,6880,POINT Z (8.98188 13.37229 0),1.984516585,3481.622007,8.98188,13.37229,05:05.4
3/17/1959 13:00,6888,POINT Z (8.94311 13.2903 0),2.889531736,3491.85668,8.94311,13.2903,04:53.8
3/17/1959 14:00,6900,POINT Z (8.89581 13.2113 0),1.884596715,3502.211534,8.89581,13.2113,05:24.4
3/17/1959 15:00,6910,POINT Z (8.88029 13.1196 0),1.271131693,3512.60653,8.88029,13.1196,06:09.0
3/17/1959 16:00,6920,POINT Z (8.91179 13.03836 0),1.627753164,3522.545853,8.91179,13.03836,04:13.9
3/17/1959 17:00,6935,POINT Z (8.92721 12.95147 0),1.072198773,3532.566915,8.92721,12.95147,02:47.4
3/17/1959 18:00,6955,POINT Z (8.96613 12.87452 0),0.26057224,3542.380227,8.96613,12.87452,00:08.1
3/17/1959 19:00,6969,POINT Z (9.01076 12.76379 0),3.880175332,3555.889842,9.01076,12.76379,19:04.7
3/17/1959 20:00,6974,POINT Z (9.10139 12.73765 0),4.403755561,3566.241339,9.10139,12.73765,19:34.1
3/17/1959 21:00,6979,POINT Z (9.14983 12.69708 0),3.341628427,3573.250868,9.14983,12.69708,00:31.8
3/17/1959 22:00,6986,POINT Z (9.24843 12.66942 0),3.34570882,3584.636608,9.24843,12.66942,07:03.8
3/17/1959 23:00,6996,POINT Z (9.34112 12.63298 0),4.771705725,3595.688888,9.34112,12.63298,11:38.8
3/18/1959 0:00,7009,POINT Z (9.39182 12.60035 0),2.552179476,3604.533271,9.39182,12.60035,03:19.8
3/18/1959 1:00,7016,POINT Z (9.43403 12.52136 0),0.476239314,3614.473571,9.43403,12.52136,01:25.0
3/18/1959 2:00,7021,POINT Z (9.48436 12.44366 0),5.001228994,3624.827746,9.48436,12.44366,01:55.3
3/18/1959 3:00,7032,POINT Z (9.57224 12.40041 0),1.075683116,3635.816307,9.57224,12.40041,06:08.1
3/18/1959 4:00,7051,POINT Z (9.57064 12.32222 0),0.117794624,3645.040091,9.57064,12.32222,00:02.1
3/18/1959 5:00,7059,POINT Z (9.59937 12.23402 0),0.171522674,3655.307693,9.59937,12.23402,00:02.0
3/18/1959 6:00,7075,POINT Z (9.62342 12.13624 0),1.687107596,3666.985335,9.62342,12.13624,08:16.4
3/18/1959 7:00,7075,POINT Z (9.62342 12.13624 0),1.687107596,3666.985335,9.62342,12.13624,08:16.4
3/18/1959 8:00,7110,POINT Z (9.62343 11.92479 0),15.34415261,3690.661837,9.62343,11.92479,26:37.7
3/18/1959 9:00,7113,POINT Z (9.66636 11.87465 0),6.956476945,3697.930486,9.66636,11.87465,09:06.2
3/18/1959 10:00,7131,POINT Z (9.60428 11.79343 0),4.487914487,3710.303777,9.60428,11.79343,21:24.4
3/18/1959 11:00,7149,POINT Z (9.54142 11.77886 0),1.49421976,3717.515868,9.54142,11.77886,03:33.1
3/18/1959 12:00,7154,POINT Z (9.446 11.78754 0),1.013801846,3727.992016,9.446,11.78754,04:46.2
3/18/1959 13:00,7175,POINT Z (9.38277 11.74684 0),0.315244931,3737.553828,9.38277,11.74684,00:38.7
3/18/1959 14:00,7206,POINT Z (9.34285 11.66469 0),2.817314592,3748.786742,9.34285,11.66469,06:17.1
3/18/1959 15:00,7217,POINT Z (9.3252 11.58171 0),3.35770955,3758.396795,9.3252,11.58171,02:26.5
3/18/1959 16:00,7234,POINT Z (9.36841 11.51075 0),1.471176862,3769.527207,9.36841,11.51075,07:29.0
3/18/1959 17:00,7263,POINT Z (9.43208 11.47696 0),0.26667374,3778.635455,9.43208,11.47696,00:42.5
3/18/1959 18:00,7294,POINT Z (9.48425 11.43213 0),0.067130388,3788.798777,9.48425,11.43213,00:05.9
3/18/1959 19:00,7328,POINT Z (9.56617 11.36593 0),4.65534167,3802.340998,9.56617,11.36593,19:14.0
3/18/1959 20:00,7334,POINT Z (9.60095 11.32244 0),0.210984208,3809.524419,9.60095,11.32244,01:12.6
3/18/1959 21:00,7337,POINT Z (9.60419 11.22638 0),3.803265203,3820.159783,9.60419,11.22638,03:21.5
3/18/1959 22:00,7342,POINT Z (9.58719 11.14234 0),5.435227407,3829.90638,9.58719,11.14234,00:18.8
3/18/1959 23:00,7348,POINT Z (9.57696 11.01921 0),5.493852669,3843.860733,9.57696,11.01921,21:51.4
3/19/1959 0:00,7361,POINT Z (9.58312 10.96345 0),0.424404954,3850.656789,9.58312,10.96345,01:34.2
3/19/1959 1:00,7382,POINT Z (9.65517 10.92669 0),1.072313028,3861.478132,9.65517,10.92669,04:48.3
3/19/1959 2:00,7396,POINT Z (9.73822 10.91327 0),1.041091984,3871.015847,9.73822,10.91327,00:32.3
3/19/1959 3:00,7403,POINT Z (9.77582 10.82947 0),2.616472289,3881.223824,9.77582,10.82947,00:11.4
3/19/1959 4:00,7415,POINT Z (9.77402 10.73091 0),1.612782382,3892.395836,9.77402,10.73091,05:28.4
3/19/1959 5:00,7438,POINT Z (9.75854 10.64221 0),1.838120517,3903.284594,9.75854,10.64221,09:06.2
3/19/1959 6:00,7456,POINT Z (9.76894 10.56433 0),1.026959478,3912.161158,9.76894,10.56433,00:58.4
3/19/1959 7:00,7464,POINT Z (9.78808 10.47767 0),1.073199955,3922.729707,9.78808,10.47767,02:43.9
3/19/1959 8:00,7484,POINT Z (9.82544 10.39845 0),0.750756329,3932.963367,9.82544,10.39845,02:32.0
3/19/1959 9:00,7516,POINT Z (9.81943 10.31743 0),0.431384325,3943.216997,9.81943,10.31743,02:27.1
3/19/1959 10:00,7556,POINT Z (9.76103 10.24498 0),1.938517007,3953.867136,9.76103,10.24498,04:41.1
3/19/1959 11:00,7569,POINT Z (9.70202 10.18248 0),1.837873947,3963.571401,9.70202,10.18248,01:23.6
3/19/1959 12:00,7582,POINT Z (9.65801 10.1021 0),1.715402246,3973.794908,9.65801,10.1021,01:08.1
3/19/1959 13:00,7595,POINT Z (9.5698 10.03813 0),2.444520919,3986.184034,9.5698,10.03813,13:31.9
3/19/1959 14:00,7614,POINT Z (9.5139 9.99246 0),0.175330494,3994.279546,9.5139,9.99246,00:50.3
3/19/1959 15:00,7630,POINT Z (9.50537 9.89845 0),1.05691464,4004.985018,9.50537,9.89845,03:23.8
3/19/1959 16:00,7648,POINT Z (9.50414 9.81257 0),3.770574817,4016.964463,9.50414,9.81257,13:24.0
3/19/1959 17:00,7668,POINT Z (9.54811 9.75963 0),0.206461147,4024.963086,9.54811,9.75963,00:08.4
3/19/1959 18:00,7693,POINT Z (9.55221 9.66802 0),5.480080054,4035.524571,9.55221,9.66802,01:51.4
3/19/1959 19:00,7711,POINT Z (9.50959 9.57474 0),2.712040097,4047.304351,9.50959,9.57474,10:41.5
3/19/1959 20:00,7726,POINT Z (9.54073 9.50798 0),0.213035828,4055.766121,9.54073,9.50798,00:08.4
3/19/1959 21:00,7744,POINT Z (9.57175 9.42131 0),0.444380284,4066.12728,9.57175,9.42131,00:41.1
3/19/1959 22:00,7777,POINT Z (9.62138 9.3719 0),0.412292487,4076.479138,9.62138,9.3719,01:10.6
3/19/1959 23:00,7826,POINT Z (9.70211 9.35397 0),0.38894247,4086.844907,9.70211,9.35397,01:45.0
3/20/1959 0:00,7861,POINT Z (9.75945 9.29366 0),0.049659825,4096.845307,9.75945,9.29366,00:11.3
3/20/1959 1:00,7885,POINT Z (9.78954 9.21539 0),1.022943254,4107.457536,9.78954,9.21539,02:12.1
3/20/1959 2:00,7905,POINT Z (9.7861 9.12233 0),1.188191193,4118.504164,9.7861,9.12233,06:45.2
3/20/1959 3:00,7927,POINT Z (9.71337 9.08526 0),0.682143765,4128.285856,9.71337,9.08526,03:54.8
3/20/1959 4:00,7951,POINT Z (9.631 9.03686 0),1.122114378,4138.970216,9.631,9.03686,06:20.9
3/20/1959 5:00,7966,POINT Z (9.58313 8.97238 0),0.490130058,4148.423752,9.58313,8.97238,01:35.4
3/20/1959 6:00,7987,POINT Z (9.54226 8.89249 0),0.633534429,4158.67124,9.54226,8.89249,01:28.3
3/20/1959 7:00,8025,POINT Z (9.62023 8.85001 0),2.31230551,4170.444435,9.62023,8.85001,10:16.2
3/20/1959 8:00,8049,POINT Z (9.66352 8.7878 0),0.642208813,4179.530475,9.66352,8.7878,03:21.9
3/20/1959 9:00,8066,POINT Z (9.66389 8.69559 0),0.749014027,4189.958525,9.66389,8.69559,04:18.1
3/20/1959 10:00,8068,POINT Z (9.62746 8.60983 0),10.09578889,4200.258145,9.62746,8.60983,04:29.3
3/20/1959 11:00,8086,POINT Z (9.67161 8.47609 0),6.975937204,4216.315975,9.67161,8.47609,38:19.4
3/20/1959 12:00,8088,POINT Z (9.69457 8.44704 0),3.882974157,4220.410593,9.69457,8.44704,02:15.0
3/20/1959 13:00,8097,POINT Z (9.68862 8.35547 0),0.792784957,4230.735882,9.68862,8.35547,02:35.2
3/20/1959 14:00,8116,POINT Z (9.69786 8.22418 0),7.426377052,4245.452654,9.69786,8.22418,28:35.1
3/20/1959 15:00,8126,POINT Z (9.735 8.18697 0),1.299372136,4251.641908,9.735,8.18697,04:45.1
3/20/1959 16:00,8146,POINT Z (9.77348 8.11538 0),0.248625429,4261.279205,9.77348,8.11538,01:04.1
3/20/1959 17:00,8165,POINT Z (9.79369 8.02903 0),1.549870067,4271.79725,9.79369,8.02903,02:31.9
3/20/1959 18:00,8178,POINT Z (9.78554 7.9274 0),1.719230062,4283.275717,9.78554,7.9274,09:36.4
3/20/1959 19:00,8210,POINT Z (9.77813 7.846489999999999 0),1.262924279,4292.618856,9.77813,7.84649,04:12.2
3/20/1959 20:00,8224,POINT Z (9.7582 7.75455 0),1.222478808,4303.184023,9.7582,7.75455,05:56.5
3/20/1959 21:00,8238,POINT Z (9.73731 7.66861 0),1.631609082,4313.128969,9.73731,7.66861,04:03.4
3/20/1959 22:00,8252,POINT Z (9.70078 7.59087 0),1.180914347,4322.728405,9.70078,7.59087,00:09.1
3/20/1959 23:00,8261,POINT Z (9.61986 7.519800000000001 0),2.207814673,4334.952515,9.61986,7.5198,11:35.0
3/21/1959 0:00,8269,POINT Z (9.55357 7.45458 0),5.01896863,4345.272081,9.55357,7.45458,11:53.2
3/21/1959 1:00,8281,POINT Z (9.50464 7.39256 0),1.367898507,4354.136837,9.50464,7.39256,03:41.3
3/21/1959 2:00,8284,POINT Z (9.45577 7.30937 0),2.277919587,4364.847127,9.45577,7.30937,06:16.5
3/21/1959 3:00,8305,POINT Z (9.39536 7.25078 0),1.423291982,4374.478237,9.39536,7.25078,02:33.3
3/21/1959 4:00,8317,POINT Z (9.32757 7.191630000000001 0),0.58277877,4384.495543,9.32757,7.19163,01:05.5
3/21/1959 5:00,8322,POINT Z (9.26876 7.12317 0),1.681888762,4394.688774,9.26876,7.12317,00:39.4
3/21/1959 6:00,8344,POINT Z (9.25863 7.0326 0),0.793417982,4405.267617,9.25863,7.0326,02:28.5
3/21/1959 7:00,8358,POINT Z (9.25602 6.94196 0),1.274671332,4415.551409,9.25602,6.94196,02:34.1
3/21/1959 8:00,8384,POINT Z (9.19924 6.89479 0),0.128037325,4425.477815,9.19924,6.89479,00:34.4
3/21/1959 9:00,8400,POINT Z (9.11165 6.85287 0),1.219035632,4436.612063,9.11165,6.85287,05:38.3
3/21/1959 10:00,8427,POINT Z (9.04419 6.81327 0),0.187658225,4446.003647,9.04419,6.81327,00:31.1
3/21/1959 11:00,8451,POINT Z (8.977 6.75544 0),0.167396127,4456.228413,8.977,6.75544,00:16.0
3/21/1959 12:00,8471,POINT Z (8.90766 6.69651 0),0.110382304,4466.450779,8.90766,6.69651,00:00.1
3/21/1959 13:00,8493,POINT Z (8.82766 6.66029 0),0.083669732,4476.759907,8.82766,6.66029,00:14.7
3/21/1959 14:00,8507,POINT Z (8.7786 6.58297 0),1.230947826,4487.075553,8.7786,6.58297,00:31.5
3/21/1959 15:00,8523,POINT Z (8.73848 6.4909 0),2.147274371,4498.542563,8.73848,6.4909,07:32.0
3/21/1959 16:00,8541,POINT Z (8.69957 6.40772 0),1.707289766,4508.927481,8.69957,6.40772,08:13.1
3/21/1959 17:00,8570,POINT Z (8.659 6.34376 0),0.415624508,4518.137585,8.659,6.34376,02:02.3
3/21/1959 18:00,8606,POINT Z (8.65779 6.25653 0),0.583388769,4528.619646,8.65779,6.25653,03:17.4
3/21/1959 19:00,8630,POINT Z (8.62742 6.17689 0),0.917368533,4538.511432,8.62742,6.17689,01:05.6
3/21/1959 20:00,8659,POINT Z (8.67206 6.10058 0),1.145704285,4548.881122,8.67206,6.10058,01:41.4
3/21/1959 21:00,8691,POINT Z (8.70504 6.02563 0),1.1851071,4558.880135,8.70504,6.02563,00:07.2
3/21/1959 22:00,8729,POINT Z (8.74322 5.9491 0),0.572832973,4569.339894,8.74322,5.9491,01:14.5
3/21/1959 23:00,8750,POINT Z (8.80057 5.882229999999999 0),0.331445832,4579.607584,8.80057,5.88223,01:14.5
3/22/1959 0:00,8779,POINT Z (8.85055 5.80906 0),0.254443884,4589.801526,8.85055,5.80906,00:48.6
3/22/1959 1:00,8799,POINT Z (8.94135 5.80531 0),1.518079662,4600.845249,8.94135,5.80531,05:20.7
3/22/1959 2:00,8807,POINT Z (9.01913 5.77142 0),3.461988963,4610.773575,9.01913,5.77142,03:21.7
3/22/1959 3:00,8829,POINT Z (9.0955 5.73811 0),1.098771415,4621.17469,9.0955,5.73811,04:08.5
3/22/1959 4:00,8905,POINT Z (9.15549 5.69212 0),0.339586098,4630.927409,9.15549,5.69212,01:08.0
3/22/1959 5:00,8967,POINT Z (9.23581 5.692139999999999 0),0.42730294,4641.123959,9.23581,5.69214,00:43.0
3/22/1959 6:00,9016,POINT Z (9.29957 5.67061 0),0.484608646,4651.62843,9.29957,5.67061,02:06.0
3/22/1959 7:00,9048,POINT Z (9.32482 5.60164 0),0.08901849,4661.589561,9.32482,5.60164,00:18.5
3/22/1959 8:00,9078,POINT Z (9.37211 5.53253 0),0.230263723,4671.916486,9.37211,5.53253,00:39.3
3/22/1959 9:00,9100,POINT Z (9.38121 5.44743 0),0.737650528,4682.532451,9.38121,5.44743,02:41.4
3/22/1959 10:00,9136,POINT Z (9.39357 5.37095 0),0.147833664,4692.467197,9.39357,5.37095,00:44.7
3/22/1959 11:00,9181,POINT Z (9.42305 5.28986 0),0.484512167,4702.904252,9.42305,5.28986,01:44.0
3/22/1959 12:00,9223,POINT Z (9.39533 5.21229 0),0.554432088,4713.189676,9.39533,5.21229,01:50.3
3/22/1959 13:00,9264,POINT Z (9.3918 5.12954 0),0.717047193,4723.71312,9.3918,5.12954,03:19.9
3/22/1959 14:00,9307,POINT Z (9.39402 5.05552 0),0.19021552,4733.503053,9.39402,5.05552,00:32.4
3/22/1959 15:00,9379,POINT Z (9.43119 4.98554 0),0.380955126,4743.934491,9.43119,4.98554,01:29.8
3/22/1959 16:00,9452,POINT Z (9.47565 4.92437 0),0.052871908,4753.99749,9.47565,4.92437,00:18.0
3/22/1959 17:00,9499,POINT Z (9.46064 4.84299 0),0.299164843,4764.425678,9.46064,4.84299,01:14.3
3/22/1959 18:00,9531,POINT Z (9.48986 4.76523 0),0.100635681,4774.5504,9.48986,4.76523,00:24.2
3/22/1959 19:00,9571,POINT Z (9.48595 4.68117 0),0.231090201,4784.796761,9.48595,4.68117,00:16.7
3/22/1959 20:00,9628,POINT Z (9.4419 4.63125 0),0.45724805,4795.156142,9.4419,4.63125,00:48.8
3/22/1959 21:00,9687,POINT Z (9.46653 4.5557 0),0.392171101,4805.651825,9.46653,4.5557,02:08.8
3/22/1959 22:00,9751,POINT Z (9.45553 4.47257 0),0.139336518,4815.687418,9.45553,4.47257,00:47.4
3/22/1959 23:00,9829,POINT Z (9.44197 4.39978 0),0.293058077,4826.041509,9.44197,4.39978,01:17.7
3/23/1959 0:00,9877,POINT Z (9.42835 4.31727 0),0.866541566,4836.261137,9.42835,4.31727,01:00.8
3/23/1959 1:00,9925,POINT Z (9.37225 4.25422 0),0.552969934,4846.711523,9.37225,4.25422,02:04.9
3/23/1959 2:00,9975,POINT Z (9.32582 4.19432 0),0.078008411,4856.646325,9.32582,4.19432,00:08.2
3/23/1959 3:00,10028,POINT Z (9.30768 4.1197 0),0.203259121,4867.073781,9.30768,4.1197,01:04.2
3/23/1959 4:00,10074,POINT Z (9.37085 4.09372 0),1.756664647,4877.671137,9.37085,4.09372,02:59.8
3/23/1959 5:00,10084,POINT Z (9.50741 4.14475 0),7.279973769,4894.65092,9.50741,4.14475,42:13.1
3/23/1959 6:00,10090,POINT Z (9.53788 4.14823 0),2.12022033,4898.207383,9.53788,4.14823,03:00.1
3/23/1959 7:00,10111,POINT Z (9.60725 4.1066 0),2.611258632,4908.265549,9.60725,4.1066,01:46.6
3/23/1959 8:00,10165,POINT Z (9.6851 4.06969 0),0.905667774,4918.723254,9.6851,4.06969,02:53.2
3/23/1959 9:00,10222,POINT Z (9.70583 4.01407 0),0.292756173,4928.664645,9.70583,4.01407,00:58.8
3/23/1959 10:00,10271,POINT Z (9.78851 3.99331 0),0.23788645,4938.931091,9.78851,3.99331,00:58.4
3/23/1959 11:00,10300,POINT Z (9.87337 4.00944 0),0.217103899,4949.070909,9.87337,4.00944,00:13.5
3/23/1959 12:00,10320,POINT Z (9.95216 3.96407 0),1.042021701,4959.518224,9.95216,3.96407,01:16.5
3/23/1959 13:00,10353,POINT Z (10.0388 3.94791 0),0.930124113,4969.969283,10.0388,3.94791,02:20.8
3/23/1959 14:00,10388,POINT Z (10.07476 3.86612 0),1.244824973,4980.311605,10.07476,3.86612,02:46.9
3/23/1959 15:00,10422,POINT Z (10.12815 3.80455 0),0.209812641,4990.285093,10.12815,3.80455,01:03.8
3/23/1959 16:00,10458,POINT Z (10.11002 3.72495 0),1.793532728,5000.98935,10.11002,3.72495,03:36.8
3/23/1959 17:00,10477,POINT Z (10.11582 3.622269999999999 0),2.873558204,5012.665486,10.11582,3.62227,11:50.7
3/23/1959 18:00,10507,POINT Z (10.11508 3.55524 0),0.108190877,5020.97211,10.11508,3.55524,00:23.1
3/23/1959 19:00,10536,POINT Z (10.13402 3.47272 0),0.244451214,5031.342959,10.13402,3.47272,00:59.2
3/23/1959 20:00,10567,POINT Z (10.10798 3.38645 0),0.658014686,5041.780672,10.10798,3.38645,01:58.9
3/23/1959 21:00,10607,POINT Z (10.08331 3.30239 0),0.259896235,5051.91212,10.08331,3.30239,01:11.1
3/23/1959 22:00,10695,POINT Z (10.12968 3.28186 0),0.133801331,5062.055468,10.12968,3.28186,00:27.5
3/23/1959 23:00,10818,POINT Z (10.1862 3.282690000000001 0),0.160341833,5072.338083,10.1862,3.28269,00:32.7
3/24/1959 0:00,10866,POINT Z (10.23428 3.23367 0),0.395268499,5082.85974,10.23428,3.23367,02:01.8
3/24/1959 1:00,10882,POINT Z (10.30663 3.186189999999999 0),3.144141749,5093.896731,10.30663,3.18619,06:31.5
3/24/1959 2:00,10903,POINT Z (10.37307 3.14686 0),0.432521579,5103.412552,10.37307,3.14686,02:07.9
3/24/1959 3:00,10928,POINT Z (10.40388 3.08309 0),0.782196928,5113.444731,10.40388,3.08309,00:45.3
3/24/1959 4:00,10954,POINT Z (10.408 3.00578 0),0.592692444,5123.960151,10.408,3.00578,02:12.1
3/24/1959 5:00,10978,POINT Z (10.48027 2.95564 0),0.500485304,5134.226896,10.48027,2.95564,02:11.8
3/24/1959 6:00,11001,POINT Z (10.54276 2.91733 0),0.302818956,5144.281097,10.54276,2.91733,00:56.9
3/24/1959 7:00,11032,POINT Z (10.55125 2.84078 0),1.185504398,5155.552361,10.55125,2.84078,06:48.8
3/24/1959 8:00,11084,POINT Z (10.59911 2.80833 0),0.384452913,5164.796954,10.59911,2.80833,00:50.1
3/24/1959 9:00,11134,POINT Z (10.6838 2.81638 0),0.652570673,5175.139614,10.6838,2.81638,01:16.4
3/24/1959 10:00,11181,POINT Z (10.76513 2.823599999999999 0),0.315097394,5185.304504,10.76513,2.8236,00:40.3
3/24/1959 11:00,11245,POINT Z (10.84132 2.81063 0),0.127153967,5195.544805,10.84132,2.81063,00:30.7
3/24/1959 12:00,11298,POINT Z (10.90342 2.79716 0),0.067054707,5205.737321,10.90342,2.79716,00:04.4
3/24/1959 13:00,11345,POINT Z (10.96774 2.84893 0),0.595091216,5216.153593,10.96774,2.84893,00:56.4
3/24/1959 14:00,11397,POINT Z (11.05106 2.86061 0),0.358994743,5226.552667,11.05106,2.86061,01:42.5
3/24/1959 15:00,11461,POINT Z (11.12396 2.88515 0),0.049307472,5236.559141,11.12396,2.88515,00:10.9
3/24/1959 16:00,11512,POINT Z (11.13266 2.85373 0),0.040951592,5246.796141,11.13266,2.85373,00:00.1
3/24/1959 17:00,11558,POINT Z (11.18265 2.79623 0),0.553518887,5257.576453,11.18265,2.79623,02:59.9
3/24/1959 18:00,11599,POINT Z (11.23702 2.73972 0),0.863992226,5267.853741,11.23702,2.73972,03:03.2
3/24/1959 19:00,11631,POINT Z (11.28595 2.68584 0),0.282062748,5277.732658,11.28595,2.68584,00:46.9
3/24/1959 20:00,11679,POINT Z (11.3401 2.63416 0),0.632527155,5287.977424,11.3401,2.63416,00:38.9
3/24/1959 21:00,11703,POINT Z (11.2997 2.56539 0),0.286376525,5298.344721,11.2997,2.56539,01:13.8
3/24/1959 22:00,11736,POINT Z (11.32484 2.48624 0),1.193050274,5308.810611,11.32484,2.48624,02:23.3
3/24/1959 23:00,11771,POINT Z (11.29238 2.41912 0),0.126730793,5318.715381,11.29238,2.41912,00:16.0
3/25/1959 0:00,11829,POINT Z (11.34283 2.37836 0),0.059608893,5328.987373,11.34283,2.37836,00:17.5
3/25/1959 1:00,11881,POINT Z (11.41477 2.33043 0),0.820194539,5339.559152,11.41477,2.33043,02:04.2
3/25/1959 2:00,11931,POINT Z (11.46755 2.27488 0),0.388065286,5349.479592,11.46755,2.27488,00:02.4
3/25/1959 3:00,11970,POINT Z (11.48851 2.20261 0),0.372883371,5359.977061,11.48851,2.20261,01:23.0
3/25/1959 4:00,12034,POINT Z (11.48829 2.12462 0),0.089842443,5370.024795,11.48829,2.12462,00:05.8
3/25/1959 5:00,12092,POINT Z (11.50182 2.047 0),0.309089513,5380.395106,11.50182,2.047,00:41.8
3/25/1959 6:00,12162,POINT Z (11.56086 1.99514 0),0.288587849,5390.731068,11.56086,1.99514,01:05.7
3/25/1959 7:00,12235,POINT Z (11.58981 1.91964 0),0.150793706,5400.847534,11.58981,1.91964,00:12.7
3/25/1959 8:00,12291,POINT Z (11.6473 1.85665 0),0.235630602,5411.121659,11.6473,1.85665,00:15.0
3/25/1959 9:00,12360,POINT Z (11.62004 1.78378 0),0.340753795,5421.536784,11.62004,1.78378,01:06.7
3/25/1959 10:00,12453,POINT Z (11.64919 1.70839 0),0.399759998,5432.002492,11.64919,1.70839,02:16.1
3/25/1959 11:00,12534,POINT Z (11.61108 1.63643 0),0.376362929,5442.235951,11.61108,1.63643,02:04.1
3/25/1959 12:00,12592,POINT Z (11.57399 1.57883 0),0.041024965,5452.150337,11.57399,1.57883,00:00.2
3/25/1959 13:00,12664,POINT Z (11.58958 1.50555 0),0.388718338,5462.665347,11.58958,1.50555,01:26.9
3/25/1959 14:00,12712,POINT Z (11.60833 1.42146 0),0.148586817,5472.763428,11.60833,1.42146,00:27.4
3/25/1959 15:00,12763,POINT Z (11.59504 1.34416 0),0.899907425,5483.082157,11.59504,1.34416,00:45.3
3/25/1959 16:00,12791,POINT Z (11.59676 1.25268 0),1.452705878,5494.188969,11.59676,1.25268,05:39.5
3/25/1959 17:00,12815,POINT Z (11.53434 1.20082 0),0.99936603,5504.203369,11.53434,1.20082,04:10.7
3/25/1959 18:00,12840,POINT Z (11.47985 1.1371 0),0.717296333,5513.964006,11.47985,1.1371,01:12.9
3/25/1959 19:00,12872,POINT Z (11.439 1.03352 0),3.662798049,5526.895618,11.439,1.03352,16:46.9
3/25/1959 20:00,12897,POINT Z (11.37943 1.01069 0),0.458950557,5534.39688,11.37943,1.01069,00:37.0
3/25/1959 21:00,12935,POINT Z (11.30244 0.99327 0),0.449750615,5544.977625,11.30244,0.99327,02:26.7
3/25/1959 22:00,12985,POINT Z (11.22811 0.9804000000000002 0),0.575513265,5554.899609,11.22811,0.9804,00:25.5
3/25/1959 23:00,13067,POINT Z (11.17078 0.93757 0),0.150741958,5565.160299,11.17078,0.93757,00:23.1
3/26/1959 0:00,13140,POINT Z (11.10366 0.97456 0),0.200593301,5575.432354,11.10366,0.97456,00:24.6
3/26/1959 1:00,13226,POINT Z (11.03978 0.9530500000000001 0),0.242604278,5585.690521,11.03978,0.95305,00:21.3
3/26/1959 2:00,13308,POINT Z (10.97199 0.97259 0),0.099081674,5595.916172,10.97199,0.97259,00:06.5
3/26/1959 3:00,13383,POINT Z (10.90238 1.00743 0),0.356278051,5606.354129,10.90238,1.00743,01:06.2
3/26/1959 4:00,13457,POINT Z (10.82514 1.01961 0),0.360750285,5616.697974,10.82514,1.01961,01:32.9
3/26/1959 5:00,13525,POINT Z (10.75573 1.00266 0),0.229005514,5626.913534,10.75573,1.00266,01:14.6
3/26/1959 6:00,13570,POINT Z (10.68764 0.96426 0),0.441300451,5637.295223,10.68764,0.96426,01:54.6
3/26/1959 7:00,13618,POINT Z (10.61262 0.9285600000000002 0),0.332514161,5647.49912,10.61262,0.92856,01:32.2
3/26/1959 8:00,13669,POINT Z (10.56035 0.88205 0),0.60004354,5657.960797,10.56035,0.88205,02:40.2
3/26/1959 9:00,13712,POINT Z (10.48516 0.85836 0),0.48991763,5668.25801,10.48516,0.85836,02:50.6
3/26/1959 10:00,13751,POINT Z (10.42989 0.80592 0),1.642551004,5678.758522,10.42989,0.80592,04:12.2
3/26/1959 11:00,13784,POINT Z (10.37633 0.74602 0),0.579950252,5688.40746,10.37633,0.74602,00:35.3
3/26/1959 12:00,13820,POINT Z (10.34062 0.66861 0),0.276823851,5698.603411,10.34062,0.66861,00:10.1
3/26/1959 13:00,13851,POINT Z (10.33846 0.59132 0),0.434871449,5708.992028,10.33846,0.59132,00:52.5
3/26/1959 14:00,13875,POINT Z (10.31144 0.51 0),0.291117354,5719.249694,10.31144,0.51,00:49.0
3/26/1959 15:00,13904,POINT Z (10.31857 0.42872 0),0.646064925,5729.379957,10.31857,0.42872,00:00.8
3/26/1959 16:00,13931,POINT Z (10.2493 0.38649 0),0.214372127,5739.857989,10.2493,0.38649,01:14.5
3/26/1959 17:00,13955,POINT Z (10.13266 0.34847 0),6.09650278,5754.844241,10.13266,0.34847,28:48.9
3/26/1959 18:00,13971,POINT Z (10.08983 0.35585 0),0.539012859,5760.489345,10.08983,0.35585,01:48.2
3/26/1959 19:00,13997,POINT Z (10.01292 0.36306 0),0.590338063,5770.826868,10.01292,0.36306,02:12.7
3/26/1959 20:00,14021,POINT Z (10.02987 0.30431 0),1.187588658,5781.304453,10.02987,0.30431,03:26.2
3/26/1959 21:00,14045,POINT Z (10.0805 0.23436 0),1.116276974,5792.04513,10.0805,0.23436,06:12.1
3/26/1959 22:00,14071,POINT Z (10.11757 0.16809 0),0.503821858,5801.268896,10.11757,0.16809,00:06.1
3/26/1959 23:00,14097,POINT Z (10.17761 0.08872 0),1.864840327,5812.670701,10.17761,0.08872,06:43.7
3/27/1959 0:00,14127,POINT Z (10.24781 0.05565 0),0.324498308,5821.795356,10.24781,0.05565,00:02.9
3/27/1959 1:00,14185,POINT Z (10.31782 0.01063 0),0.337063834,5832.12133,10.31782,0.01063,00:23.3
3/27/1959 2:00,14272,POINT Z (10.34462 -0.0552 0),0.053051252,5842.362129,10.34462,-0.0552,00:13.9
3/27/1959 3:00,14337,POINT Z (10.34329 -0.13213 0),0.220529433,5852.716181,10.34329,-0.13213,00:44.2
3/27/1959 4:00,14414,POINT Z (10.38301 -0.20152 0),0.048013776,5862.886311,10.38301,-0.20152,00:10.0
3/27/1959 5:00,14512,POINT Z (10.40276 -0.27043 0),0.283586449,5873.255654,10.40276,-0.27043,00:45.6
3/27/1959 6:00,14578,POINT Z (10.37189 -0.33884 0),1.193628491,5883.628633,10.37189,-0.33884,01:22.5
3/27/1959 7:00,14654,POINT Z (10.33813 -0.40828 0),0.323340972,5893.92213,10.33813,-0.40828,01:31.6
3/27/1959 8:00,14726,POINT Z (10.28748 -0.46898 0),0.386797908,5904.076171,10.28748,-0.46898,00:51.7
3/27/1959 9:00,14781,POINT Z (10.24341 -0.51224 0),0.521125745,5914.623866,10.24341,-0.51224,02:29.9
3/27/1959 10:00,14865,POINT Z (10.22548 -0.55987 0),0.222686249,5924.484223,10.22548,-0.55987,00:07.1
3/27/1959 11:00,14936,POINT Z (10.22206 -0.63245 0),0.33226875,5934.777231,10.22206,-0.63245,00:15.9
3/27/1959 12:00,14999,POINT Z (10.24044 -0.70131 0),0.362729028,5945.105645,10.24044,-0.70131,00:37.2
